track_id,territory_id,rnk
1,2,1
1,9,3
1,18,2
2,1,3
2,2,1
2,7,2
3,2,1
3,11,2
3,20,3
4,2,1
4,16,2
4,19,3
5,3,1
5,6,2
5,17,3
6,3,1
6,15,3
6,19,2
7,3,1
7,14,3
7,20,2
8,3,1
8,7,3
8,16,2
9,3,1
9,5,3
9,11,2
10,3,1
10,12,3
10,13,2
11,3,1
11,11,3
11,18,2
12,3,1
12,5,2
12,12,3
13,1,3
13,3,1
13,20,2
14,3,1
14,11,2
14,13,3
15,3,1
15,10,2
15,13,3
16,4,1
16,14,2
16,17,3
17,4,1
17,12,2
17,16,3
18,4,1
18,9,3
18,16,2
19,4,1
19,5,3
19,15,2
20,4,1
20,5,3
20,17,2
21,3,3
21,4,1
21,10,2
22,1,2
22,4,1
22,18,3
23,2,3
23,4,1
23,11,2
24,4,1
24,14,2
24,15,3
25,3,2
25,4,1
25,19,3
26,4,1
26,7,2
26,9,3
27,4,1
27,5,3
27,12,2
28,2,2
28,4,1
28,11,3
29,4,1
29,10,2
29,12,3
30,4,1
30,9,3
30,17,2
31,4,1
31,12,2
31,15,3
32,4,1
32,8,3
32,14,2
33,4,1
33,12,3
33,15,2
34,1,3
34,4,1
34,17,2
35,4,1
35,6,3
35,9,2
36,2,2
36,4,1
36,20,3
37,4,1
37,6,2
37,16,3
38,4,1
38,13,3
38,20,2
39,4,1
39,9,2
39,19,3
40,5,1
40,8,3
40,16,2
41,3,2
41,5,1
41,7,3
42,2,3
42,5,1
42,9,2
43,3,3
43,5,1
43,11,2
44,3,3
44,5,1
44,19,2
45,5,1
45,6,3
45,18,2
46,5,1
46,15,2
46,20,3
47,5,1
47,8,3
47,16,2
48,5,1
48,7,2
48,18,3
49,2,3
49,6,1
49,20,2
50,6,1
50,16,3
50,18,2
51,2,2
51,6,1
51,14,3
52,6,1
52,10,2
52,14,3
53,6,1
53,10,2
53,12,3
54,6,1
54,11,2
54,13,3
55,3,2
55,4,3
55,6,1
56,6,1
56,9,2
56,20,3
57,6,1
57,9,2
57,12,3
58,6,1
58,8,2
58,12,3
59,6,1
59,15,2
59,16,3
60,6,1
60,12,3
60,14,2
61,2,3
61,6,1
61,17,2
62,3,2
62,6,1
62,18,3
63,6,1
63,7,2
63,20,3
64,6,1
64,7,2
64,12,3
65,5,2
65,6,1
65,15,3
66,6,1
66,17,3
66,20,2
67,6,1
67,16,2
67,20,3
68,6,1
68,7,3
68,20,2
69,6,1
69,16,2
69,18,3
70,1,3
70,6,1
70,15,2
71,3,3
71,6,1
71,12,2
72,7,1
72,18,2
72,20,3
73,7,1
73,9,3
73,16,2
74,6,2
74,7,1
74,9,3
75,4,2
75,7,1
75,16,3
76,7,1
76,12,3
76,15,2
77,7,1
77,18,2
77,19,3
78,7,1
78,8,2
78,13,3
79,2,2
79,7,1
79,9,3
80,7,1
80,11,2
80,17,3
81,3,3
81,6,2
81,7,1
82,7,1
82,11,2
82,20,3
83,6,3
83,7,1
83,10,2
84,2,2
84,3,3
84,7,1
85,7,1
85,10,3
85,19,2
86,7,1
86,9,2
86,16,3
87,4,3
87,7,1
87,13,2
88,7,1
88,12,2
88,13,3
89,3,2
89,7,1
89,9,3
90,3,2
90,7,1
90,17,3
91,5,2
91,7,1
91,20,3
92,7,1
92,9,2
92,10,3
93,5,2
93,7,1
93,11,3
94,5,2
94,7,1
94,19,3
95,7,1
95,18,2
95,19,3
96,6,2
96,7,1
96,10,3
97,7,1
97,14,3
97,17,2
98,8,1
98,14,3
98,17,2
99,4,3
99,6,2
99,8,1
100,8,1
100,9,2
100,13,3
101,4,2
101,8,1
101,14,3
102,8,1
102,13,2
102,15,3
103,4,2
103,8,1
103,18,3
104,7,2
104,8,1
104,14,3
105,4,2
105,8,1
105,15,3
106,8,1
106,16,2
106,19,3
107,3,3
107,7,2
107,8,1
108,7,3
108,8,1
108,20,2
109,6,3
109,8,1
109,10,2
110,2,2
110,7,3
110,8,1
111,8,1
111,9,3
111,10,2
112,6,2
112,8,1
112,9,3
113,6,2
113,8,1
113,9,3
114,8,1
114,12,3
114,19,2
115,1,2
115,5,3
115,8,1
116,8,1
116,15,3
116,20,2
117,4,2
117,8,1
117,18,3
118,8,1
118,12,3
118,13,2
119,5,3
119,8,1
119,9,2
120,2,2
120,8,1
120,20,3
121,3,3
121,7,2
121,8,1
122,5,2
122,8,1
122,9,3
123,8,1
123,14,3
123,20,2
124,1,2
124,9,1
124,10,3
125,3,2
125,9,1
125,12,3
126,3,3
126,9,1
126,15,2
127,2,3
127,5,2
127,9,1
128,7,3
128,9,1
128,17,2
129,2,2
129,4,3
129,9,1
130,2,3
130,5,2
130,9,1
131,5,3
131,7,2
131,9,1
132,9,1
132,18,3
132,20,2
133,9,1
133,16,3
133,18,2
134,9,1
134,18,3
134,19,2
135,5,3
135,9,1
135,18,2
136,9,1
136,18,3
136,19,2
137,1,2
137,6,3
137,9,1
138,5,2
138,7,3
138,9,1
139,5,3
139,8,2
139,9,1
140,4,2
140,8,3
140,9,1
141,9,1
141,15,2
141,18,3
142,9,1
142,17,2
142,20,3
143,2,3
143,9,1
143,11,2
144,6,2
144,9,1
144,10,3
145,1,2
145,4,3
145,9,1
146,2,3
146,9,1
146,11,2
147,9,1
147,12,2
147,19,3
148,6,2
148,10,1
148,16,3
149,10,1
149,16,2
149,20,3
150,10,1
150,14,2
150,16,3
151,2,2
151,6,3
151,10,1
152,1,3
152,10,1
152,14,2
153,10,1
153,16,3
153,18,2
154,5,2
154,10,1
154,11,3
155,10,1
155,11,2
155,18,3
156,7,3
156,10,1
156,12,2
157,8,3
157,10,1
157,15,2
158,7,2
158,10,1
158,11,3
159,11,1
159,13,3
159,20,2
160,2,3
160,5,2
160,11,1
161,8,3
161,11,1
161,20,2
162,5,3
162,9,2
162,11,1
163,5,3
163,11,1
163,15,2
164,12,1
164,18,3
164,20,2
165,6,3
165,11,2
165,12,1
166,1,3
166,9,2
166,12,1
167,2,3
167,12,1
167,17,2
168,1,3
168,5,2
168,12,1
169,5,3
169,10,2
169,12,1
170,2,3
170,12,1
170,13,2
171,3,3
171,8,2
171,12,1
172,7,3
172,12,1
172,18,2
173,3,3
173,4,2
173,12,1
174,6,2
174,12,1
174,13,3
175,10,3
175,11,2
175,12,1
176,3,3
176,11,2
176,13,1
177,13,1
177,16,3
177,20,2
178,4,2
178,13,1
178,20,3
179,1,2
179,14,1
179,15,3
180,10,3
180,14,1
180,15,2
181,5,2
181,10,3
181,14,1
182,9,3
182,10,2
182,14,1
183,2,3
183,14,1
183,20,2
184,2,2
184,8,3
184,14,1
185,2,2
185,4,3
185,14,1
186,1,3
186,14,1
186,17,2
187,2,2
187,11,3
187,14,1
188,10,2
188,13,3
188,15,1
189,1,2
189,11,3
189,15,1
190,2,3
190,11,2
190,15,1
191,13,3
191,15,1
191,17,2
192,5,3
192,15,1
192,17,2
193,5,2
193,7,3
193,15,1
194,4,3
194,15,1
194,20,2
195,1,2
195,15,1
195,18,3
196,3,3
196,11,2
196,15,1
197,4,2
197,14,3
197,15,1
198,2,3
198,15,1
198,19,2
199,5,3
199,15,1
199,16,2
200,4,2
200,11,3
200,15,1
201,15,1
201,16,2
201,18,3
202,9,3
202,14,2
202,15,1
203,2,2
203,9,3
203,15,1
204,5,2
204,11,3
204,15,1
205,4,2
205,9,3
205,15,1
206,2,2
206,6,3
206,15,1
207,5,2
207,15,1
207,17,3
208,14,2
208,15,1
208,17,3
209,15,1
209,18,2
209,20,3
210,14,2
210,15,1
210,16,3
211,8,3
211,10,2
211,16,1
212,3,3
212,16,1
212,18,2
213,4,3
213,15,2
213,16,1
214,7,2
214,14,3
214,16,1
215,14,3
215,16,1
215,17,2
216,15,2
216,16,1
216,20,3
217,6,2
217,15,3
217,16,1
218,8,2
218,16,1
218,18,3
219,1,3
219,16,1
219,17,2
220,13,3
220,16,1
220,20,2
221,16,1
221,17,2
221,18,3
222,5,3
222,11,2
222,16,1
223,6,2
223,14,3
223,16,1
224,8,2
224,12,3
224,16,1
225,1,3
225,16,1
225,20,2
226,3,3
226,8,2
226,16,1
227,5,2
227,14,3
227,16,1
228,6,2
228,9,3
228,16,1
229,2,3
229,7,2
229,16,1
230,10,3
230,12,2
230,16,1
231,3,3
231,9,2
231,16,1
232,8,2
232,16,1
232,18,3
233,12,2
233,16,1
233,19,3
234,5,2
234,16,1
234,19,3
235,14,2
235,16,1
235,19,3
236,4,2
236,6,3
236,16,1
237,3,2
237,12,3
237,16,1
238,8,2
238,13,3
238,16,1
239,2,3
239,5,2
239,16,1
240,4,3
240,16,1
240,17,2
241,17,1
241,18,2
241,20,3
242,15,3
242,17,1
242,20,2
243,1,2
243,3,3
243,17,1
244,4,2
244,8,3
244,17,1
245,5,3
245,16,2
245,17,1
246,9,3
246,16,2
246,17,1
247,1,3
247,11,2
247,17,1
248,5,3
248,6,2
248,17,1
249,3,3
249,10,2
249,17,1
250,6,3
250,15,2
250,17,1
251,8,3
251,13,2
251,17,1
252,2,3
252,9,2
252,17,1
253,5,3
253,10,2
253,17,1
254,2,3
254,17,1
254,18,2
255,8,3
255,12,2
255,17,1
256,6,3
256,17,1
256,20,2
257,6,3
257,17,2
257,18,1
258,7,2
258,9,3
258,18,1
259,12,3
259,13,2
259,18,1
260,2,2
260,12,3
260,18,1
261,7,3
261,10,2
261,18,1
262,8,2
262,11,3
262,18,1
263,5,3
263,9,2
263,18,1
264,2,2
264,3,3
264,18,1
265,2,2
265,11,3
265,18,1
266,5,3
266,13,2
266,18,1
267,12,3
267,14,2
267,18,1
268,1,3
268,13,2
268,18,1
269,7,3
269,16,2
269,18,1
270,3,2
270,13,3
270,18,1
271,7,2
271,16,3
271,18,1
272,3,2
272,18,1
272,20,3
273,8,3
273,16,2
273,18,1
274,5,2
274,18,1
274,20,3
275,1,2
275,14,3
275,18,1
276,12,3
276,14,2
276,18,1
277,13,2
277,15,3
277,18,1
278,4,2
278,10,3
278,18,1
279,8,3
279,15,2
279,18,1
280,1,2
280,15,3
280,18,1
281,4,3
281,13,2
281,19,1
282,6,2
282,15,3
282,19,1
283,7,2
283,16,3
283,19,1
284,1,3
284,13,2
284,19,1
285,10,3
285,12,2
285,19,1
286,4,3
286,12,2
286,19,1
287,5,3
287,11,2
287,19,1
288,1,2
288,14,3
288,19,1
289,3,3
289,6,2
289,19,1
290,13,2
290,16,3
290,19,1
291,7,3
291,9,2
291,19,1
292,13,3
292,17,2
292,19,1
293,8,3
293,12,2
293,19,1
294,2,2
294,10,3
294,19,1
295,15,2
295,19,1
295,20,3
296,4,2
296,9,3
296,19,1
297,7,2
297,18,3
297,19,1
298,5,3
298,8,2
298,19,1
299,14,2
299,19,1
299,20,3
300,4,2
300,11,3
300,19,1
301,4,3
301,12,2
301,19,1
302,5,3
302,18,2
302,19,1
303,4,3
303,16,2
303,20,1
304,7,2
304,17,3
304,20,1
305,9,2
305,14,3
305,20,1
306,7,3
306,19,2
306,20,1
307,8,2
307,14,3
307,20,1
308,8,3
308,10,2
308,20,1
309,3,2
309,16,3
309,20,1
310,3,3
310,18,2
310,20,1
311,3,3
311,8,2
311,20,1
312,4,3
312,13,2
312,20,1
313,12,3
313,16,2
313,20,1
314,11,2
314,17,3
314,20,1
315,1,2
315,2,3
315,20,1
316,5,2
316,14,3
316,20,1
317,6,3
317,14,2
317,20,1
318,3,2
318,5,3
318,20,1
319,1,1
319,13,2
319,16,3
320,1,1
320,4,2
320,15,3
321,1,1
321,8,3
321,12,2
322,2,1
322,7,3
322,16,2
323,2,1
323,6,3
323,17,2
324,2,1
324,5,2
324,7,3
325,1,2
325,2,1
325,20,3
326,3,1
326,9,2
326,10,3
327,3,1
327,10,2
327,17,3
328,2,2
328,3,1
328,8,3
329,3,1
329,4,2
329,10,3
330,3,1
330,4,3
330,20,2
331,3,1
331,10,3
331,11,2
332,3,1
332,10,2
332,16,3
333,3,1
333,4,2
333,9,3
334,1,3
334,2,2
334,3,1
335,3,1
335,12,2
335,20,3
336,3,1
336,7,3
336,19,2
337,4,1
337,15,2
337,20,3
338,1,2
338,4,1
338,16,3
339,4,1
339,14,2
339,19,3
340,4,1
340,6,2
340,7,3
341,1,2
341,4,1
341,6,3
342,4,1
342,11,2
342,13,3
343,4,1
343,10,2
343,15,3
344,4,1
344,10,2
344,15,3
345,4,1
345,11,3
345,19,2
346,4,1
346,19,3
346,20,2
347,4,1
347,6,3
347,10,2
348,1,2
348,4,1
348,5,3
349,4,1
349,19,2
349,20,3
350,4,1
350,18,3
350,20,2
351,4,1
351,8,2
351,18,3
352,4,1
352,15,3
352,18,2
353,3,2
353,4,1
353,20,3
354,2,3
354,4,1
354,20,2
355,4,1
355,15,3
355,18,2
356,4,1
356,12,2
356,17,3
357,4,1
357,11,2
357,13,3
358,4,1
358,14,3
358,15,2
359,4,1
359,8,3
359,20,2
360,1,2
360,4,1
360,20,3
361,5,1
361,7,2
361,8,3
362,4,2
362,5,1
362,14,3
363,5,1
363,6,3
363,7,2
364,5,1
364,14,3
364,17,2
365,5,1
365,8,2
365,12,3
366,4,3
366,5,1
366,6,2
367,3,3
367,5,1
367,10,2
368,1,3
368,5,1
368,18,2
369,1,3
369,5,1
369,16,2
370,1,3
370,4,2
370,6,1
371,3,3
371,4,2
371,6,1
372,6,1
372,9,3
372,15,2
373,2,3
373,6,1
373,10,2
374,6,1
374,10,3
374,13,2
375,6,1
375,14,3
375,20,2
376,6,1
376,14,2
376,18,3
377,6,1
377,11,2
377,20,3
378,5,3
378,6,1
378,14,2
379,6,1
379,11,2
379,18,3
380,6,1
380,16,3
380,17,2
381,6,1
381,15,3
381,17,2
382,6,1
382,7,2
382,12,3
383,6,1
383,8,2
383,11,3
384,3,2
384,6,1
384,11,3
385,6,1
385,9,2
385,12,3
386,6,1
386,10,2
386,12,3
387,6,1
387,12,2
387,17,3
388,1,3
388,6,1
388,20,2
389,3,3
389,6,1
389,16,2
390,6,1
390,13,3
390,20,2
391,3,2
391,6,1
391,13,3
392,6,1
392,8,3
392,13,2
393,7,1
393,13,2
393,16,3
394,7,1
394,8,3
394,13,2
395,3,3
395,7,1
395,9,2
396,7,1
396,8,3
396,11,2
397,7,1
397,17,3
397,20,2
398,7,1
398,9,3
398,12,2
399,7,1
399,10,3
399,14,2
400,5,2
400,7,1
400,16,3
401,5,3
401,7,1
401,17,2
402,7,1
402,11,2
402,17,3
403,2,3
403,7,1
403,11,2
404,7,1
404,9,2
404,16,3
405,7,1
405,14,3
405,15,2
406,7,1
406,11,3
406,13,2
407,7,1
407,8,3
407,11,2
408,6,3
408,7,1
408,11,2
409,7,1
409,11,3
409,17,2
410,7,1
410,11,2
410,18,3
411,7,1
411,16,2
411,17,3
412,7,1
412,9,2
412,16,3
413,2,2
413,7,1
413,8,3
414,6,2
414,7,1
414,12,3
415,3,2
415,7,1
415,15,3
416,5,3
416,7,1
416,18,2
417,7,1
417,14,3
417,20,2
418,5,2
418,7,1
418,20,3
419,8,1
419,12,2
419,16,3
420,8,1
420,9,2
420,13,3
421,8,1
421,14,3
421,15,2
422,8,1
422,12,2
422,20,3
423,7,3
423,8,1
423,20,2
424,2,2
424,8,1
424,13,3
425,4,3
425,8,1
425,18,2
426,8,1
426,13,2
426,15,3
427,5,2
427,8,1
427,12,3
428,4,3
428,8,1
428,13,2
429,2,2
429,8,1
429,9,3
430,2,2
430,8,1
430,13,3
431,4,2
431,7,3
431,8,1
432,8,1
432,13,2
432,19,3
433,3,3
433,4,2
433,8,1
434,8,1
434,10,2
434,14,3
435,7,2
435,8,1
435,14,3
436,8,1
436,11,3
436,18,2
437,8,1
437,12,3
437,18,2
438,8,1
438,9,2
438,19,3
439,8,1
439,11,2
439,15,3
440,8,1
440,15,2
440,20,3
441,2,2
441,3,3
441,8,1
442,4,2
442,8,1
442,18,3
443,5,3
443,8,1
443,20,2
444,7,2
444,8,1
444,12,3
445,7,3
445,9,1
445,15,2
446,2,2
446,9,1
446,15,3
447,3,2
447,9,1
447,18,3
448,9,1
448,10,2
448,13,3
449,5,2
449,9,1
449,17,3
450,8,2
450,9,1
450,11,3
451,9,1
451,10,3
451,17,2
452,8,2
452,9,1
452,15,3
453,8,3
453,9,1
453,16,2
454,5,2
454,9,1
454,14,3
455,9,1
455,10,3
455,18,2
456,6,2
456,9,1
456,11,3
457,9,1
457,15,2
457,19,3
458,1,3
458,9,1
458,11,2
459,8,2
459,9,1
459,20,3
460,5,2
460,9,1
460,16,3
461,9,1
461,14,3
461,15,2
462,1,2
462,5,3
462,9,1
463,5,2
463,9,1
463,18,3
464,6,3
464,9,1
464,17,2
465,4,3
465,9,1
465,10,2
466,5,3
466,9,1
466,11,2
467,3,2
467,9,1
467,11,3
468,4,2
468,9,1
468,18,3
469,10,1
469,14,3
469,20,2
470,9,3
470,10,1
470,14,2
471,5,2
471,10,1
471,19,3
472,3,2
472,10,1
472,11,3
473,3,3
473,5,2
473,10,1
474,2,3
474,10,1
474,12,2
475,8,3
475,10,1
475,15,2
476,1,2
476,10,1
476,17,3
477,4,3
477,10,1
477,17,2
478,10,1
478,17,2
478,20,3
479,1,3
479,6,2
479,10,1
480,11,1
480,12,2
480,15,3
481,5,3
481,6,2
481,11,1
482,3,2
482,11,1
482,13,3
483,11,1
483,13,2
483,19,3
484,6,3
484,11,1
484,12,2
485,3,3
485,12,1
485,17,2
486,2,2
486,12,1
486,19,3
487,12,1
487,13,3
487,16,2
488,11,3
488,12,1
488,16,2
489,2,2
489,11,3
489,12,1
490,12,1
490,13,2
490,16,3
491,12,1
491,14,3
491,15,2
492,6,3
492,11,2
492,12,1
493,11,2
493,12,1
493,18,3
494,3,3
494,7,2
494,12,1
495,4,3
495,8,2
495,12,1
496,7,3
496,12,1
496,19,2
497,8,3
497,13,1
497,14,2
498,2,3
498,8,2
498,13,1
499,8,3
499,13,1
499,17,2
500,11,3
500,14,1
500,17,2
501,11,3
501,12,2
501,14,1
502,4,2
502,7,3
502,14,1
503,8,3
503,12,2
503,14,1
504,4,2
504,14,1
504,19,3
505,7,2
505,12,3
505,14,1
506,2,2
506,13,3
506,14,1
507,14,1
507,17,2
507,18,3
508,1,2
508,7,3
508,14,1
509,6,2
509,11,3
509,15,1
510,7,2
510,8,3
510,15,1
511,15,1
511,18,2
511,19,3
512,6,3
512,15,1
512,20,2
513,15,1
513,16,2
513,17,3
514,5,3
514,15,1
514,17,2
515,14,2
515,15,1
515,19,3
516,2,3
516,15,1
516,17,2
517,3,2
517,5,3
517,15,1
518,15,1
518,17,2
518,19,3
519,7,2
519,15,1
519,16,3
520,5,2
520,15,1
520,17,3
521,10,2
521,12,3
521,15,1
522,13,2
522,14,3
522,15,1
523,2,3
523,3,2
523,15,1
524,10,3
524,11,2
524,15,1
525,9,3
525,10,2
525,15,1
526,1,2
526,13,3
526,15,1
527,7,2
527,15,1
527,17,3
528,1,2
528,12,3
528,15,1
529,1,3
529,7,2
529,15,1
530,9,2
530,14,3
530,15,1
531,13,2
531,14,3
531,15,1
532,10,2
532,16,1
532,19,3
533,10,2
533,14,3
533,16,1
534,3,2
534,6,3
534,16,1
535,7,2
535,16,1
535,18,3
536,8,3
536,10,2
536,16,1
537,2,3
537,9,2
537,16,1
538,12,2
538,15,3
538,16,1
539,2,2
539,5,3
539,16,1
540,1,2
540,12,3
540,16,1
541,3,3
541,4,2
541,16,1
542,3,2
542,14,3
542,16,1
543,1,2
543,11,3
543,16,1
544,6,2
544,10,3
544,16,1
545,14,2
545,16,1
545,18,3
546,10,3
546,16,1
546,17,2
547,7,2
547,12,3
547,16,1
548,5,3
548,16,1
548,19,2
549,10,2
549,15,3
549,16,1
550,12,3
550,13,2
550,16,1
551,2,3
551,13,2
551,16,1
552,16,1
552,17,3
552,20,2
553,5,3
553,13,2
553,16,1
554,12,3
554,16,1
554,20,2
555,5,3
555,9,2
555,16,1
556,16,1
556,17,2
556,18,3
557,3,3
557,13,2
557,16,1
558,3,2
558,16,1
558,20,3
559,5,3
559,6,2
559,16,1
560,7,2
560,16,1
560,19,3
561,9,3
561,15,2
561,16,1
562,1,3
562,9,2
562,17,1
563,6,2
563,14,3
563,17,1
564,3,2
564,4,3
564,17,1
565,6,2
565,12,3
565,17,1
566,11,2
566,17,1
566,18,3
567,3,3
567,15,2
567,17,1
568,3,2
568,6,3
568,17,1
569,6,2
569,15,3
569,17,1
570,9,2
570,16,3
570,17,1
571,3,2
571,17,1
571,18,3
572,6,3
572,9,2
572,17,1
573,11,2
573,17,1
573,19,3
574,12,3
574,17,1
574,20,2
575,15,2
575,17,1
575,18,3
576,8,2
576,11,3
576,17,1
577,4,2
577,17,1
577,19,3
578,4,2
578,7,3
578,18,1
579,13,2
579,18,1
579,20,3
580,6,2
580,8,3
580,18,1
581,3,3
581,7,2
581,18,1
582,10,3
582,11,2
582,18,1
583,15,2
583,17,3
583,18,1
584,5,2
584,10,3
584,18,1
585,5,3
585,13,2
585,18,1
586,9,2
586,16,3
586,18,1
587,4,2
587,7,3
587,18,1
588,5,3
588,9,2
588,18,1
589,4,2
589,10,3
589,18,1
590,8,2
590,12,3
590,18,1
591,6,3
591,16,2
591,18,1
592,16,2
592,18,1
592,19,3
593,8,2
593,12,3
593,18,1
594,7,2
594,11,3
594,18,1
595,5,3
595,6,2
595,18,1
596,13,3
596,17,2
596,18,1
597,10,3
597,15,2
597,18,1
598,6,2
598,16,3
598,18,1
599,11,2
599,18,1
599,19,3
600,4,3
600,9,2
600,18,1
601,15,2
601,16,3
601,18,1
602,1,2
602,2,3
602,19,1
603,8,2
603,10,3
603,19,1
604,2,2
604,19,1
604,20,3
605,5,2
605,7,3
605,19,1
606,6,3
606,11,2
606,19,1
607,1,3
607,19,1
607,20,2
608,1,3
608,4,2
608,19,1
609,2,3
609,10,2
609,19,1
610,6,2
610,8,3
610,19,1
611,7,3
611,16,2
611,19,1
612,17,2
612,18,3
612,19,1
613,2,3
613,8,2
613,19,1
614,1,2
614,2,3
614,19,1
615,2,3
615,13,2
615,19,1
616,2,2
616,17,3
616,19,1
617,7,3
617,15,2
617,19,1
618,4,3
618,14,2
618,19,1
619,12,3
619,13,2
619,19,1
620,18,3
620,19,1
620,20,2
621,5,2
621,14,3
621,19,1
622,3,3
622,18,2
622,19,1
623,12,2
623,18,3
623,19,1
624,10,3
624,19,2
624,20,1
625,8,3
625,14,2
625,20,1
626,4,3
626,5,2
626,20,1
627,10,2
627,18,3
627,20,1
628,6,2
628,7,3
628,20,1
629,5,3
629,7,2
629,20,1
630,6,2
630,16,3
630,20,1
631,17,3
631,18,2
631,20,1
632,3,2
632,12,3
632,20,1
633,1,2
633,6,3
633,20,1
634,2,2
634,16,3
634,20,1
635,10,2
635,12,3
635,20,1
636,9,3
636,11,2
636,20,1
637,1,2
637,4,3
637,20,1
638,2,3
638,16,2
638,20,1
639,6,2
639,11,3
639,20,1
640,1,1
640,12,2
640,15,3
641,1,1
641,6,2
641,7,3
642,1,1
642,4,3
642,14,2
643,2,1
643,8,2
643,13,3
644,2,1
644,4,2
644,5,3
645,2,1
645,8,3
645,12,2
646,2,1
646,5,3
646,15,2
647,1,3
647,3,1
647,4,2
648,3,1
648,19,3
648,20,2
649,3,1
649,9,3
649,15,2
650,3,1
650,11,3
650,19,2
651,3,1
651,5,3
651,16,2
652,3,1
652,7,2
652,19,3
653,3,1
653,17,3
653,20,2
654,3,1
654,5,2
654,6,3
655,3,1
655,9,2
655,20,3
656,1,2
656,3,1
656,10,3
657,3,1
657,7,2
657,9,3
658,4,1
658,11,3
658,16,2
659,4,1
659,5,3
659,18,2
660,4,1
660,8,2
660,11,3
661,4,1
661,17,3
661,20,2
662,1,3
662,4,1
662,10,2
663,4,1
663,9,3
663,18,2
664,4,1
664,9,2
664,17,3
665,2,2
665,4,1
665,19,3
666,4,1
666,9,3
666,19,2
667,4,1
667,7,2
667,10,3
668,2,2
668,4,1
668,11,3
669,2,3
669,4,1
669,17,2
670,4,1
670,6,2
670,19,3
671,4,1
671,10,2
671,19,3
672,1,2
672,4,1
672,14,3
673,4,1
673,9,3
673,10,2
674,4,1
674,6,2
674,14,3
675,4,1
675,9,3
675,12,2
676,3,2
676,4,1
676,6,3
677,3,2
677,4,1
677,17,3
678,4,1
678,10,3
678,19,2
679,4,1
679,17,3
679,18,2
680,4,1
680,11,3
680,16,2
681,4,1
681,18,2
681,19,3
682,5,1
682,15,2
682,18,3
683,5,1
683,6,3
683,14,2
684,5,1
684,15,2
684,18,3
685,5,1
685,12,3
685,17,2
686,5,1
686,7,3
686,20,2
687,5,1
687,6,2
687,8,3
688,5,1
688,7,3
688,13,2
689,2,2
689,5,1
689,9,3
690,5,1
690,10,2
690,14,3
691,6,1
691,15,3
691,18,2
692,1,2
692,6,1
692,19,3
693,6,1
693,12,2
693,20,3
694,5,2
694,6,1
694,16,3
695,5,3
695,6,1
695,13,2
696,6,1
696,19,3
696,20,2
697,2,2
697,6,1
697,19,3
698,6,1
698,13,2
698,16,3
699,6,1
699,13,3
699,19,2
700,4,2
700,6,1
700,18,3
701,6,1
701,14,3
701,17,2
702,3,3
702,6,1
702,8,2
703,6,1
703,15,3
703,20,2
704,6,1
704,9,2
704,19,3
705,6,1
705,9,2
705,20,3
706,6,1
706,10,2
706,16,3
707,1,2
707,6,1
707,17,3
708,3,3
708,6,1
708,7,2
709,6,1
709,7,3
709,15,2
710,6,1
710,8,2
710,20,3
711,6,1
711,12,3
711,16,2
712,6,1
712,16,2
712,20,3
713,6,1
713,8,3
713,14,2
714,7,1
714,12,3
714,18,2
715,7,1
715,12,3
715,13,2
716,2,3
716,7,1
716,14,2
717,6,2
717,7,1
717,10,3
718,7,1
718,12,3
718,18,2
719,7,1
719,10,3
719,11,2
720,1,2
720,7,1
720,19,3
721,1,2
721,3,3
721,7,1
722,4,3
722,7,1
722,13,2
723,7,1
723,8,2
723,18,3
724,7,1
724,8,2
724,15,3
725,7,1
725,19,2
725,20,3
726,2,2
726,4,3
726,7,1
727,3,2
727,7,1
727,16,3
728,1,3
728,7,1
728,17,2
729,2,2
729,7,1
729,17,3
730,7,1
730,9,3
730,20,2
731,3,2
731,6,3
731,7,1
732,6,3
732,7,1
732,17,2
733,7,1
733,15,3
733,17,2
734,6,2
734,7,1
734,17,3
735,7,1
735,8,3
735,19,2
736,7,1
736,10,3
736,11,2
737,2,2
737,4,3
737,7,1
738,7,1
738,16,2
738,18,3
739,1,3
739,7,1
739,19,2
740,8,1
740,13,2
740,19,3
741,4,2
741,8,1
741,11,3
742,8,1
742,12,3
742,14,2
743,8,1
743,10,2
743,19,3
744,2,3
744,8,1
744,17,2
745,1,3
745,8,1
745,15,2
746,8,1
746,10,3
746,12,2
747,8,1
747,12,2
747,18,3
748,8,1
748,13,3
748,20,2
749,8,1
749,15,3
749,16,2
750,6,2
750,8,1
750,19,3
751,1,3
751,8,1
751,11,2
752,6,2
752,8,1
752,10,3
753,2,2
753,8,1
753,15,3
754,5,3
754,8,1
754,16,2
755,8,1
755,9,3
755,13,2
756,7,2
756,8,1
756,13,3
757,6,2
757,8,1
757,9,3
758,4,3
758,8,1
758,14,2
759,1,2
759,4,3
759,8,1
760,8,1
760,10,2
760,11,3
761,6,2
761,8,1
761,11,3
762,8,1
762,9,3
762,13,2
763,8,1
763,11,2
763,16,3
764,3,2
764,6,3
764,8,1
765,5,2
765,8,1
765,11,3
766,3,2
766,6,3
766,9,1
767,8,3
767,9,1
767,10,2
768,9,1
768,15,3
768,18,2
769,9,1
769,15,3
769,16,2
770,4,2
770,8,3
770,9,1
771,2,3
771,9,1
771,14,2
772,9,1
772,12,2
772,15,3
773,3,3
773,6,2
773,9,1
774,3,3
774,7,2
774,9,1
775,2,2
775,9,1
775,17,3
776,4,2
776,6,3
776,9,1
777,9,1
777,16,3
777,18,2
778,1,2
778,9,1
778,15,3
779,4,2
779,9,1
779,14,3
780,5,2
780,9,1
780,19,3
781,5,2
781,9,1
781,16,3
782,9,1
782,11,3
782,17,2
783,9,1
783,14,3
783,18,2
784,9,1
784,17,3
784,20,2
785,7,2
785,9,1
785,17,3
786,1,2
786,9,1
786,19,3
787,2,3
787,9,1
787,10,2
788,8,3
788,9,1
788,20,2
789,1,2
789,4,3
789,9,1
790,10,1
790,11,3
790,16,2
791,10,1
791,16,2
791,19,3
792,10,1
792,17,3
792,19,2
793,5,3
793,6,2
793,10,1
794,7,2
794,10,1
794,12,3
795,3,3
795,10,1
795,13,2
796,7,2
796,10,1
796,15,3
797,10,1
797,11,3
797,12,2
798,8,3
798,10,1
798,19,2
799,3,2
799,10,1
799,14,3
800,10,1
800,11,2
800,20,3
801,11,1
801,17,3
801,19,2
802,4,2
802,11,1
802,12,3
803,4,3
803,11,1
803,16,2
804,4,3
804,11,1
804,20,2
805,1,2
805,11,1
805,14,3
806,4,2
806,8,3
806,12,1
807,10,3
807,12,1
807,20,2
808,3,2
808,9,3
808,12,1
809,3,3
809,12,1
809,15,2
810,5,2
810,12,1
810,16,3
811,10,3
811,12,1
811,14,2
812,6,3
812,12,1
812,16,2
813,7,3
813,9,2
813,12,1
814,12,1
814,13,3
814,16,2
815,3,3
815,8,2
815,12,1
816,4,2
816,5,3
816,12,1
817,6,3
817,12,1
817,19,2
818,1,3
818,13,1
818,18,2
819,1,2
819,11,3
819,13,1
820,4,2
820,12,3
820,13,1
821,1,3
821,14,1
821,15,2
822,6,2
822,12,3
822,14,1
823,7,3
823,14,1
823,16,2
824,8,2
824,14,1
824,17,3
825,14,1
825,15,3
825,17,2
826,6,2
826,11,3
826,14,1
827,10,2
827,13,3
827,14,1
828,14,1
828,15,3
828,16,2
829,14,1
829,15,3
829,16,2
830,3,3
830,15,1
830,19,2
831,10,2
831,15,1
831,18,3
832,5,3
832,12,2
832,15,1
833,7,2
833,10,3
833,15,1
834,4,2
834,6,3
834,15,1
835,3,3
835,10,2
835,15,1
836,11,3
836,13,2
836,15,1
837,5,3
837,11,2
837,15,1
838,5,3
838,9,2
838,15,1
839,11,2
839,12,3
839,15,1
840,14,2
840,15,1
840,16,3
841,10,2
841,12,3
841,15,1
842,9,2
842,15,1
842,18,3
843,6,2
843,15,1
843,17,3
844,4,3
844,6,2
844,15,1
845,8,3
845,15,1
845,20,2
846,2,3
846,15,1
846,19,2
847,6,3
847,8,2
847,15,1
848,3,2
848,8,3
848,15,1
849,9,2
849,14,3
849,15,1
850,6,2
850,12,3
850,15,1
851,4,2
851,12,3
851,15,1
852,7,2
852,15,1
852,16,3
853,1,2
853,7,3
853,16,1
854,9,2
854,13,3
854,16,1
855,7,2
855,10,3
855,16,1
856,7,3
856,13,2
856,16,1
857,2,2
857,3,3
857,16,1
858,1,2
858,12,3
858,16,1
859,5,3
859,13,2
859,16,1
860,7,2
860,8,3
860,16,1
861,13,2
861,16,1
861,19,3
862,8,3
862,15,2
862,16,1
863,6,2
863,16,1
863,20,3
864,4,3
864,6,2
864,16,1
865,11,3
865,13,2
865,16,1
866,10,3
866,14,2
866,16,1
867,3,3
867,6,2
867,16,1
868,11,2
868,12,3
868,16,1
869,6,3
869,7,2
869,16,1
870,16,1
870,19,3
870,20,2
871,2,2
871,7,3
871,16,1
872,6,2
872,8,3
872,16,1
873,2,3
873,5,2
873,16,1
874,1,3
874,16,1
874,19,2
875,14,3
875,16,1
875,17,2
876,1,2
876,4,3
876,16,1
877,12,3
877,16,1
877,17,2
878,5,3
878,11,2
878,16,1
879,16,1
879,17,2
879,19,3
880,10,2
880,13,3
880,16,1
881,5,2
881,13,3
881,16,1
882,4,2
882,16,1
882,20,3
883,7,3
883,14,2
883,17,1
884,3,3
884,13,2
884,17,1
885,14,3
885,17,1
885,18,2
886,2,3
886,4,2
886,17,1
887,11,2
887,17,1
887,20,3
888,14,2
888,17,1
888,20,3
889,2,3
889,6,2
889,17,1
890,16,3
890,17,1
890,19,2
891,3,3
891,12,2
891,17,1
892,5,3
892,15,2
892,17,1
893,13,3
893,17,1
893,19,2
894,6,3
894,17,1
894,19,2
895,4,3
895,9,2
895,17,1
896,2,2
896,17,1
896,18,3
897,7,3
897,11,2
897,17,1
898,9,3
898,14,2
898,17,1
899,1,2
899,13,3
899,18,1
900,9,3
900,13,2
900,18,1
901,7,2
901,18,1
901,20,3
902,3,2
902,4,3
902,18,1
903,6,2
903,8,3
903,18,1
904,11,3
904,16,2
904,18,1
905,11,3
905,17,2
905,18,1
906,1,3
906,11,2
906,18,1
907,1,2
907,9,3
907,18,1
908,17,3
908,18,1
908,20,2
909,2,3
909,9,2
909,18,1
910,6,2
910,16,3
910,18,1
911,11,3
911,18,1
911,19,2
912,4,3
912,17,2
912,18,1
913,2,3
913,8,2
913,18,1
914,6,2
914,14,3
914,18,1
915,2,2
915,14,3
915,18,1
916,2,2
916,11,3
916,18,1
917,7,3
917,10,2
917,18,1
918,7,2
918,17,3
918,18,1
919,7,3
919,14,2
919,18,1
920,10,2
920,14,3
920,18,1
921,1,2
921,5,3
921,18,1
922,2,2
922,18,1
922,19,3
923,18,3
923,19,1
923,20,2
924,16,2
924,18,3
924,19,1
925,2,2
925,10,3
925,19,1
926,5,3
926,19,1
926,20,2
927,3,2
927,5,3
927,19,1
928,3,2
928,6,3
928,19,1
929,4,2
929,16,3
929,19,1
930,7,2
930,12,3
930,19,1
931,15,2
931,17,3
931,19,1
932,7,2
932,12,3
932,19,1
933,12,2
933,19,1
933,20,3
934,8,2
934,12,3
934,19,1
935,3,3
935,7,2
935,19,1
936,1,3
936,2,2
936,19,1
937,1,3
937,11,2
937,19,1
938,1,2
938,7,3
938,19,1
939,6,3
939,9,2
939,19,1
940,15,3
940,19,1
940,20,2
941,4,3
941,5,2
941,19,1
942,1,3
942,2,2
942,19,1
943,1,2
943,5,3
943,19,1
944,10,2
944,19,1
944,20,3
945,4,3
945,8,2
945,20,1
946,4,2
946,11,3
946,20,1
947,10,2
947,18,3
947,20,1
948,1,2
948,18,3
948,20,1
949,7,3
949,12,2
949,20,1
950,14,2
950,15,3
950,20,1
951,2,2
951,13,3
951,20,1
952,1,2
952,13,3
952,20,1
953,4,2
953,16,3
953,20,1
954,6,2
954,7,3
954,20,1
955,10,2
955,15,3
955,20,1
956,1,2
956,3,3
956,20,1
957,9,2
957,14,3
957,20,1
958,7,2
958,10,3
958,20,1
959,3,3
959,4,2
959,20,1
960,4,3
960,19,2
960,20,1
961,1,1
961,4,2
961,5,3
962,1,1
962,4,3
962,16,2
963,1,1
963,4,2
963,13,3
964,2,1
964,3,3
964,8,2
965,2,1
965,13,3
965,15,2
966,2,1
966,8,2
966,19,3
967,2,1
967,8,3
967,11,2
968,3,1
968,13,3
968,16,2
969,3,1
969,10,2
969,13,3
970,3,1
970,15,2
970,19,3
971,3,1
971,5,2
971,18,3
972,2,3
972,3,1
972,12,2
973,1,2
973,3,1
973,6,3
974,3,1
974,8,2
974,18,3
975,3,1
975,11,3
975,12,2
976,3,1
976,10,3
976,19,2
977,3,1
977,5,3
977,8,2
978,3,1
978,7,3
978,18,2
979,4,1
979,12,3
979,13,2
980,2,2
980,4,1
980,18,3
981,4,1
981,8,2
981,13,3
982,4,1
982,14,3
982,15,2
983,3,3
983,4,1
983,10,2
984,4,1
984,10,2
984,18,3
985,4,1
985,12,3
985,16,2
986,2,2
986,4,1
986,13,3
987,4,1
987,17,2
987,19,3
988,3,3
988,4,1
988,14,2
989,4,1
989,6,3
989,13,2
990,4,1
990,6,3
990,9,2
991,4,1
991,11,3
991,19,2
992,4,1
992,5,3
992,13,2
993,4,1
993,11,2
993,17,3
994,4,1
994,6,2
994,10,3
995,4,1
995,5,3
995,7,2
996,4,1
996,7,3
996,18,2
997,1,2
997,4,1
997,14,3
998,4,1
998,5,3
998,20,2
999,4,1
999,8,2
999,10,3
1000,4,1
1000,5,2
1000,15,3
1001,4,1
1001,8,3
1001,11,2
1002,4,1
1002,9,2
1002,19,3
1003,5,1
1003,14,2
1003,17,3
1004,5,1
1004,7,3
1004,19,2
1005,5,1
1005,6,3
1005,15,2
1006,2,2
1006,5,1
1006,19,3
1007,2,3
1007,5,1
1007,7,2
1008,5,1
1008,6,2
1008,15,3
1009,5,1
1009,10,3
1009,18,2
1010,5,1
1010,17,3
1010,19,2
1011,5,1
1011,6,2
1011,17,3
1012,4,3
1012,6,1
1012,16,2
1013,4,2
1013,6,1
1013,11,3
1014,1,2
1014,5,3
1014,6,1
1015,2,3
1015,6,1
1015,19,2
1016,3,3
1016,6,1
1016,10,2
1017,2,2
1017,6,1
1017,9,3
1018,4,2
1018,6,1
1018,12,3
1019,3,2
1019,6,1
1019,15,3
1020,1,3
1020,6,1
1020,7,2
1021,6,1
1021,8,2
1021,15,3
1022,4,3
1022,6,1
1022,16,2
1023,6,1
1023,9,3
1023,16,2
1024,2,3
1024,6,1
1024,16,2
1025,6,1
1025,9,3
1025,20,2
1026,6,1
1026,10,3
1026,12,2
1027,4,2
1027,6,1
1027,13,3
1028,2,2
1028,6,1
1028,10,3
1029,6,1
1029,14,3
1029,20,2
1030,4,3
1030,6,1
1030,20,2
1031,1,2
1031,6,1
1031,9,3
1032,6,1
1032,11,3
1032,20,2
1033,3,3
1033,6,1
1033,11,2
1034,6,1
1034,7,2
1034,8,3
1035,5,3
1035,7,1
1035,18,2
1036,7,1
1036,16,2
1036,20,3
1037,2,3
1037,7,1
1037,19,2
1038,2,3
1038,7,1
1038,9,2
1039,7,1
1039,11,3
1039,20,2
1040,7,1
1040,15,3
1040,18,2
1041,7,1
1041,10,2
1041,18,3
1042,2,2
1042,7,1
1042,18,3
1043,2,3
1043,4,2
1043,7,1
1044,7,1
1044,14,3
1044,15,2
1045,6,3
1045,7,1
1045,20,2
1046,7,1
1046,9,3
1046,12,2
1047,6,2
1047,7,1
1047,19,3
1048,6,3
1048,7,1
1048,19,2
1049,4,3
1049,7,1
1049,20,2
1050,7,1
1050,15,3
1050,20,2
1051,6,3
1051,7,1
1051,14,2
1052,7,1
1052,8,3
1052,17,2
1053,7,1
1053,15,2
1053,20,3
1054,6,2
1054,7,1
1054,10,3
1055,2,3
1055,5,2
1055,7,1
1056,7,1
1056,12,2
1056,16,3
1057,4,3
1057,7,1
1057,10,2
1058,3,3
1058,7,1
1058,15,2
1059,4,2
1059,7,1
1059,19,3
1060,7,1
1060,10,3
1060,18,2
1061,8,1
1061,17,3
1061,20,2
1062,8,1
1062,10,2
1062,19,3
1063,4,3
1063,8,1
1063,12,2
1064,3,3
1064,8,1
1064,13,2
1065,3,2
1065,8,1
1065,20,3
1066,2,3
1066,8,1
1066,13,2
1067,7,3
1067,8,1
1067,14,2
1068,8,1
1068,15,3
1068,20,2
1069,3,2
1069,8,1
1069,18,3
1070,5,3
1070,8,1
1070,15,2
1071,1,3
1071,8,1
1071,10,2
1072,1,3
1072,8,1
1072,9,2
1073,2,2
1073,8,1
1073,11,3
1074,7,2
1074,8,1
1074,17,3
1075,1,2
1075,2,3
1075,8,1
1076,6,3
1076,8,1
1076,18,2
1077,3,2
1077,8,1
1077,13,3
1078,8,1
1078,14,3
1078,16,2
1079,1,2
1079,4,3
1079,8,1
1080,8,1
1080,12,2
1080,16,3
1081,5,2
1081,8,1
1081,14,3
1082,2,2
1082,3,3
1082,8,1
1083,8,1
1083,14,2
1083,18,3
1084,8,1
1084,12,2
1084,13,3
1085,2,3
1085,8,1
1085,18,2
1086,1,3
1086,8,1
1086,10,2
1087,7,3
1087,8,2
1087,9,1
1088,1,3
1088,5,2
1088,9,1
1089,1,2
1089,6,3
1089,9,1
1090,9,1
1090,17,3
1090,20,2
1091,9,1
1091,12,3
1091,19,2
1092,9,1
1092,13,2
1092,15,3
1093,9,1
1093,10,3
1093,15,2
1094,4,2
1094,9,1
1094,10,3
1095,3,2
1095,9,1
1095,19,3
1096,1,2
1096,2,3
1096,9,1
1097,9,1
1097,10,2
1097,14,3
1098,9,1
1098,14,3
1098,18,2
1099,9,1
1099,16,3
1099,18,2
1100,6,2
1100,9,1
1100,15,3
1101,9,1
1101,14,2
1101,20,3
1102,7,3
1102,9,1
1102,16,2
1103,7,3
1103,9,1
1103,19,2
1104,9,1
1104,13,2
1104,16,3
1105,8,2
1105,9,1
1105,15,3
1106,3,2
1106,9,1
1106,13,3
1107,3,3
1107,9,1
1107,20,2
1108,1,2
1108,9,1
1108,15,3
1109,4,3
1109,9,1
1109,10,2
1110,6,3
1110,9,1
1110,14,2
1111,1,3
1111,10,1
1111,15,2
1112,7,2
1112,10,1
1112,12,3
1113,10,1
1113,12,2
1113,16,3
1114,2,2
1114,10,1
1114,13,3
1115,5,3
1115,10,1
1115,11,2
1116,10,1
1116,11,3
1116,12,2
1117,10,1
1117,13,3
1117,19,2
1118,3,2
1118,10,1
1118,16,3
1119,6,2
1119,10,1
1119,15,3
1120,10,1
1120,12,2
1120,19,3
1121,10,1
1121,11,2
1121,17,3
1122,11,1
1122,15,2
1122,16,3
1123,10,2
1123,11,1
1123,18,3
1124,2,3
1124,11,1
1124,12,2
1125,3,3
1125,7,2
1125,11,1
1126,5,2
1126,11,1
1126,14,3
1127,7,3
1127,12,1
1127,13,2
1128,10,2
1128,11,3
1128,12,1
1129,10,2
1129,12,1
1129,17,3
1130,11,3
1130,12,1
1130,18,2
1131,6,2
1131,9,3
1131,12,1
1132,3,3
1132,12,1
1132,19,2
1133,5,2
1133,10,3
1133,12,1
1134,1,2
1134,12,1
1134,20,3
1135,7,2
1135,12,1
1135,16,3
1136,2,2
1136,8,3
1136,12,1
1137,3,2
1137,10,3
1137,12,1
1138,10,2
1138,12,1
1138,14,3
1139,13,1
1139,15,2
1139,17,3
1140,13,1
1140,14,3
1140,15,2
1141,10,2
1141,13,1
1141,15,3
1142,8,3
1142,11,2
1142,14,1
1143,5,3
1143,14,1
1143,17,2
1144,3,3
1144,14,1
1144,20,2
1145,2,3
1145,11,2
1145,14,1
1146,8,3
1146,14,1
1146,20,2
1147,3,2
1147,6,3
1147,14,1
1148,7,3
1148,11,2
1148,14,1
1149,9,3
1149,14,1
1149,15,2
1150,1,3
1150,10,2
1150,14,1
1151,9,3
1151,12,2
1151,15,1
1152,15,1
1152,19,2
1152,20,3
1153,11,3
1153,13,2
1153,15,1
1154,1,3
1154,7,2
1154,15,1
1155,6,3
1155,8,2
1155,15,1
1156,12,3
1156,15,1
1156,17,2
1157,13,2
1157,15,1
1157,17,3
1158,3,2
1158,10,3
1158,15,1
1159,1,2
1159,4,3
1159,15,1
1160,1,2
1160,12,3
1160,15,1
1161,4,2
1161,10,3
1161,15,1
1162,11,3
1162,15,1
1162,18,2
1163,5,2
1163,12,3
1163,15,1
1164,12,3
1164,15,1
1164,20,2
1165,7,3
1165,15,1
1165,19,2
1166,5,2
1166,15,1
1166,20,3
1167,3,2
1167,10,3
1167,15,1
1168,10,2
1168,11,3
1168,15,1
1169,7,3
1169,9,2
1169,15,1
1170,13,3
1170,15,1
1170,16,2
1171,3,2
1171,8,3
1171,15,1
1172,11,3
1172,15,1
1172,19,2
1173,2,2
1173,4,3
1173,15,1
1174,5,3
1174,6,2
1174,16,1
1175,15,2
1175,16,1
1175,18,3
1176,5,3
1176,10,2
1176,16,1
1177,5,2
1177,15,3
1177,16,1
1178,1,3
1178,16,1
1178,18,2
1179,12,3
1179,16,1
1179,19,2
1180,4,3
1180,7,2
1180,16,1
1181,9,3
1181,12,2
1181,16,1
1182,4,2
1182,11,3
1182,16,1
1183,1,3
1183,16,1
1183,19,2
1184,5,3
1184,16,1
1184,18,2
1185,1,2
1185,9,3
1185,16,1
1186,14,2
1186,15,3
1186,16,1
1187,7,3
1187,13,2
1187,16,1
1188,2,2
1188,15,3
1188,16,1
1189,6,3
1189,7,2
1189,16,1
1190,2,2
1190,13,3
1190,16,1
1191,5,2
1191,8,3
1191,16,1
1192,3,3
1192,6,2
1192,16,1
1193,16,1
1193,19,2
1193,20,3
1194,8,2
1194,11,3
1194,16,1
1195,6,3
1195,16,1
1195,18,2
1196,5,2
1196,16,1
1196,18,3
1197,9,3
1197,16,1
1197,17,2
1198,7,3
1198,11,2
1198,16,1
1199,2,2
1199,10,3
1199,16,1
1200,14,3
1200,16,1
1200,18,2
1201,4,3
1201,7,2
1201,16,1
1202,6,3
1202,10,2
1202,16,1
1203,11,3
1203,16,1
1203,17,2
1204,4,3
1204,17,1
1204,18,2
1205,4,2
1205,17,1
1205,19,3
1206,7,2
1206,10,3
1206,17,1
1207,4,3
1207,7,2
1207,17,1
1208,7,2
1208,13,3
1208,17,1
1209,11,2
1209,16,3
1209,17,1
1210,3,2
1210,10,3
1210,17,1
1211,8,3
1211,14,2
1211,17,1
1212,5,3
1212,17,1
1212,18,2
1213,4,3
1213,17,1
1213,18,2
1214,17,1
1214,18,2
1214,19,3
1215,8,2
1215,12,3
1215,17,1
1216,3,2
1216,17,1
1216,20,3
1217,6,3
1217,13,2
1217,17,1
1218,10,2
1218,14,3
1218,17,1
1219,3,3
1219,14,2
1219,17,1
1220,4,3
1220,15,2
1220,18,1
1221,1,3
1221,7,2
1221,18,1
1222,7,3
1222,11,2
1222,18,1
1223,5,2
1223,11,3
1223,18,1
1224,1,3
1224,5,2
1224,18,1
1225,2,2
1225,18,1
1225,19,3
1226,1,2
1226,18,1
1226,20,3
1227,5,3
1227,14,2
1227,18,1
1228,10,2
1228,14,3
1228,18,1
1229,13,3
1229,14,2
1229,18,1
1230,3,2
1230,7,3
1230,18,1
1231,10,3
1231,17,2
1231,18,1
1232,1,2
1232,7,3
1232,18,1
1233,5,3
1233,12,2
1233,18,1
1234,5,3
1234,13,2
1234,18,1
1235,12,2
1235,13,3
1235,18,1
1236,9,2
1236,10,3
1236,18,1
1237,8,2
1237,16,3
1237,18,1
1238,8,3
1238,10,2
1238,18,1
1239,10,3
1239,18,1
1239,20,2
1240,11,3
1240,18,1
1240,19,2
1241,1,3
1241,14,2
1241,18,1
1242,9,3
1242,14,2
1242,18,1
1243,8,3
1243,18,1
1243,20,2
1244,4,2
1244,10,3
1244,19,1
1245,8,2
1245,16,3
1245,19,1
1246,12,2
1246,18,3
1246,19,1
1247,3,3
1247,17,2
1247,19,1
1248,3,2
1248,14,3
1248,19,1
1249,2,2
1249,14,3
1249,19,1
1250,1,2
1250,9,3
1250,19,1
1251,5,2
1251,12,3
1251,19,1
1252,9,2
1252,16,3
1252,19,1
1253,4,2
1253,14,3
1253,19,1
1254,2,3
1254,7,2
1254,19,1
1255,5,3
1255,19,1
1255,20,2
1256,1,3
1256,4,2
1256,19,1
1257,1,2
1257,11,3
1257,19,1
1258,8,3
1258,9,2
1258,19,1
1259,3,3
1259,15,2
1259,19,1
1260,7,2
1260,15,3
1260,19,1
1261,9,3
1261,10,2
1261,19,1
1262,6,2
1262,15,3
1262,19,1
1263,7,3
1263,11,2
1263,19,1
1264,8,2
1264,10,3
1264,19,1
1265,12,2
1265,15,3
1265,19,1
1266,8,3
1266,18,2
1266,20,1
1267,8,2
1267,9,3
1267,20,1
1268,2,3
1268,7,2
1268,20,1
1269,2,3
1269,8,2
1269,20,1
1270,18,2
1270,19,3
1270,20,1
1271,8,3
1271,12,2
1271,20,1
1272,6,2
1272,13,3
1272,20,1
1273,8,3
1273,18,2
1273,20,1
1274,10,3
1274,19,2
1274,20,1
1275,4,3
1275,14,2
1275,20,1
1276,17,2
1276,19,3
1276,20,1
1277,1,2
1277,15,3
1277,20,1
1278,12,3
1278,19,2
1278,20,1
1279,1,3
1279,8,2
1279,20,1
1280,13,2
1280,14,3
1280,20,1
1281,9,3
1281,10,2
1281,20,1
1282,1,1
1282,2,3
1282,19,2
1283,1,1
1283,2,3
1283,4,2
1284,1,1
1284,4,3
1284,19,2
1285,2,1
1285,9,3
1285,17,2
1286,2,1
1286,3,3
1286,9,2
1287,2,1
1287,10,2
1287,12,3
1288,2,1
1288,4,3
1288,18,2
1289,3,1
1289,4,3
1289,17,2
1290,3,1
1290,18,2
1290,20,3
1291,1,2
1291,3,1
1291,17,3
1292,3,1
1292,5,2
1292,20,3
1293,1,3
1293,2,2
1293,3,1
1294,3,1
1294,4,3
1294,5,2
1295,3,1
1295,4,3
1295,20,2
1296,3,1
1296,11,2
1296,16,3
1297,1,2
1297,3,1
1297,8,3
1298,3,1
1298,18,3
1298,19,2
1299,3,1
1299,9,2
1299,19,3
1300,4,1
1300,8,3
1300,14,2
1301,4,1
1301,12,3
1301,15,2
1302,2,3
1302,4,1
1302,7,2
1303,4,1
1303,6,2
1303,11,3
1304,4,1
1304,9,2
1304,13,3
1305,3,3
1305,4,1
1305,11,2
1306,4,1
1306,9,3
1306,16,2
1307,4,1
1307,9,2
1307,16,3
1308,4,1
1308,10,2
1308,12,3
1309,4,1
1309,13,3
1309,16,2
1310,1,3
1310,4,1
1310,8,2
1311,4,1
1311,15,2
1311,19,3
1312,1,3
1312,4,1
1312,16,2
1313,4,1
1313,15,3
1313,19,2
1314,4,1
1314,16,2
1314,17,3
1315,2,2
1315,3,3
1315,4,1
1316,4,1
1316,13,3
1316,14,2
1317,4,1
1317,6,2
1317,14,3
1318,1,3
1318,4,1
1318,5,2
1319,4,1
1319,18,3
1319,20,2
1320,4,1
1320,16,3
1320,17,2
1321,1,3
1321,4,1
1321,13,2
1322,4,1
1322,12,3
1322,16,2
1323,4,1
1323,14,2
1323,18,3
1324,3,3
1324,5,1
1324,9,2
1325,5,1
1325,6,3
1325,7,2
1326,2,2
1326,3,3
1326,5,1
1327,1,3
1327,4,2
1327,5,1
1328,1,2
1328,5,1
1328,13,3
1329,5,1
1329,7,3
1329,17,2
1330,3,2
1330,5,1
1330,8,3
1331,5,1
1331,6,3
1331,13,2
1332,5,1
1332,8,3
1332,9,2
1333,3,3
1333,6,1
1333,12,2
1334,4,3
1334,6,1
1334,16,2
1335,6,1
1335,8,3
1335,9,2
1336,2,3
1336,6,1
1336,10,2
1337,6,1
1337,9,2
1337,13,3
1338,6,1
1338,8,2
1338,14,3
1339,6,1
1339,8,3
1339,16,2
1340,6,1
1340,10,3
1340,13,2
1341,6,1
1341,15,2
1341,16,3
1342,6,1
1342,11,3
1342,13,2
1343,4,3
1343,6,1
1343,17,2
1344,5,2
1344,6,1
1344,8,3
1345,6,1
1345,7,3
1345,14,2
1346,6,1
1346,7,2
1346,16,3
1347,6,1
1347,7,3
1347,9,2
1348,6,1
1348,11,3
1348,14,2
1349,1,2
1349,6,1
1349,20,3
1350,1,3
1350,6,1
1350,13,2
1351,3,3
1351,6,1
1351,18,2
1352,3,2
1352,6,1
1352,15,3
1353,1,2
1353,6,1
1353,17,3
1354,3,3
1354,6,1
1354,10,2
1355,2,3
1355,6,1
1355,11,2
1356,2,3
1356,6,2
1356,7,1
1357,1,2
1357,7,1
1357,20,3
1358,7,1
1358,13,3
1358,19,2
1359,6,2
1359,7,1
1359,9,3
1360,7,1
1360,12,3
1360,18,2
1361,5,2
1361,7,1
1361,9,3
1362,7,1
1362,14,2
1362,20,3
1363,1,2
1363,4,3
1363,7,1
1364,5,3
1364,7,1
1364,8,2
1365,7,1
1365,18,3
1365,20,2
1366,7,1
1366,14,3
1366,20,2
1367,3,2
1367,4,3
1367,7,1
1368,7,1
1368,18,3
1368,20,2
1369,7,1
1369,18,2
1369,19,3
1370,7,1
1370,10,3
1370,18,2
1371,7,1
1371,8,2
1371,20,3
1372,6,3
1372,7,1
1372,16,2
1373,7,1
1373,13,2
1373,14,3
1374,7,1
1374,11,3
1374,16,2
1375,4,3
1375,7,1
1375,19,2
1376,7,1
1376,11,2
1376,12,3
1377,7,1
1377,9,3
1377,14,2
1378,1,3
1378,7,1
1378,14,2
1379,7,1
1379,12,2
1379,19,3
1380,1,3
1380,7,1
1380,8,2
1381,1,3
1381,7,1
1381,14,2
1382,8,1
1382,10,2
1382,16,3
1383,8,1
1383,12,2
1383,15,3
1384,5,2
1384,8,1
1384,15,3
1385,7,3
1385,8,1
1385,16,2
1386,8,1
1386,13,3
1386,17,2
1387,8,1
1387,9,2
1387,14,3
1388,1,3
1388,3,2
1388,8,1
1389,6,2
1389,8,1
1389,16,3
1390,6,3
1390,8,1
1390,20,2
1391,2,2
1391,7,3
1391,8,1
1392,3,3
1392,8,1
1392,13,2
1393,7,2
1393,8,1
1393,18,3
1394,8,1
1394,9,2
1394,20,3
1395,8,1
1395,12,3
1395,15,2
1396,6,3
1396,7,2
1396,8,1
1397,8,1
1397,14,3
1397,17,2
1398,4,3
1398,8,1
1398,14,2
1399,8,1
1399,9,3
1399,14,2
1400,8,1
1400,15,3
1400,17,2
1401,8,1
1401,9,3
1401,12,2
1402,6,2
1402,8,1
1402,20,3
1403,1,3
1403,8,1
1403,12,2
1404,8,1
1404,11,3
1404,12,2
1405,5,2
1405,8,1
1405,20,3
1406,5,2
1406,8,1
1406,19,3
1407,5,2
1407,8,1
1407,13,3
1408,9,1
1408,13,2
1408,18,3
1409,7,3
1409,9,1
1409,16,2
1410,2,2
1410,9,1
1410,16,3
1411,9,1
1411,14,3
1411,15,2
1412,4,3
1412,8,2
1412,9,1
1413,4,3
1413,9,1
1413,11,2
1414,6,3
1414,9,1
1414,19,2
1415,2,3
1415,9,1
1415,10,2
1416,9,1
1416,16,3
1416,18,2
1417,4,2
1417,5,3
1417,9,1
1418,9,1
1418,13,3
1418,19,2
1419,1,3
1419,9,1
1419,19,2
1420,5,3
1420,9,1
1420,15,2
1421,6,2
1421,7,3
1421,9,1
1422,5,2
1422,9,1
1422,13,3
1423,7,3
1423,9,1
1423,19,2
1424,2,2
1424,7,3
1424,9,1
1425,1,2
1425,9,1
1425,18,3
1426,9,1
1426,10,2
1426,15,3
1427,4,2
1427,9,1
1427,16,3
1428,3,3
1428,9,1
1428,14,2
1429,1,2
1429,9,1
1429,11,3
1430,2,3
1430,9,1
1430,10,2
1431,3,2
1431,9,1
1431,19,3
1432,10,1
1432,16,2
1432,17,3
1433,8,3
1433,10,1
1433,12,2
1434,10,1
1434,12,3
1434,16,2
1435,10,1
1435,17,3
1435,20,2
1436,6,2
1436,8,3
1436,10,1
1437,1,3
1437,10,1
1437,18,2
1438,4,2
1438,10,1
1438,13,3
1439,10,1
1439,11,3
1439,15,2
1440,1,3
1440,2,2
1440,10,1
1441,2,3
1441,10,1
1441,15,2
1442,8,3
1442,10,1
1442,13,2
1443,4,2
1443,11,1
1443,14,3
1444,3,2
1444,11,1
1444,15,3
1445,2,3
1445,5,2
1445,11,1
1446,1,3
1446,6,2
1446,11,1
1447,4,2
1447,9,3
1447,11,1
1448,1,2
1448,4,3
1448,12,1
1449,10,3
1449,11,2
1449,12,1
1450,2,2
1450,12,1
1450,18,3
1451,2,2
1451,8,3
1451,12,1
1452,8,3
1452,12,1
1452,18,2
1453,2,3
1453,12,1
1453,17,2
1454,2,2
1454,12,1
1454,19,3
1455,7,3
1455,12,1
1455,15,2
1456,2,3
1456,12,1
1456,20,2
1457,9,3
1457,12,1
1457,14,2
1458,2,2
1458,12,1
1458,19,3
1459,12,1
1459,17,2
1459,18,3
1460,11,2
1460,13,1
1460,14,3
1461,1,3
1461,5,2
1461,13,1
1462,5,3
1462,9,2
1462,13,1
1463,11,2
1463,14,1
1463,15,3
1464,6,2
1464,14,1
1464,19,3
1465,8,2
1465,12,3
1465,14,1
1466,14,1
1466,16,2
1466,20,3
1467,8,2
1467,9,3
1467,14,1
1468,5,3
1468,10,2
1468,14,1
1469,12,3
1469,14,1
1469,17,2
1470,6,2
1470,14,1
1470,16,3
1471,2,2
1471,14,1
1471,15,3
1472,1,3
1472,9,2
1472,15,1
1473,2,2
1473,13,3
1473,15,1
1474,8,2
1474,15,1
1474,16,3
1475,7,3
1475,9,2
1475,15,1
1476,3,2
1476,10,3
1476,15,1
1477,12,2
1477,15,1
1477,17,3
1478,1,2
1478,3,3
1478,15,1
1479,6,2
1479,15,1
1479,17,3
1480,10,2
1480,15,1
1480,18,3
1481,9,2
1481,15,1
1481,19,3
1482,12,3
1482,13,2
1482,15,1
1483,9,2
1483,14,3
1483,15,1
1484,9,3
1484,15,1
1484,19,2
1485,8,3
1485,14,2
1485,15,1
1486,7,3
1486,15,1
1486,17,2
1487,5,3
1487,15,1
1487,16,2
1488,2,3
1488,8,2
1488,15,1
1489,12,2
1489,15,1
1489,19,3
1490,1,2
1490,11,3
1490,15,1
1491,9,3
1491,15,1
1491,16,2
1492,4,3
1492,14,2
1492,15,1
1493,4,3
1493,5,2
1493,15,1
1494,13,2
1494,14,3
1494,15,1
1495,3,2
1495,6,3
1495,16,1
1496,10,3
1496,11,2
1496,16,1
1497,10,2
1497,14,3
1497,16,1
1498,9,3
1498,13,2
1498,16,1
1499,6,3
1499,15,2
1499,16,1
1500,6,2
1500,16,1
1500,17,3
1501,12,3
1501,15,2
1501,16,1
1502,16,1
1502,18,2
1502,19,3
1503,2,2
1503,16,1
1503,17,3
1504,1,3
1504,12,2
1504,16,1
1505,16,1
1505,17,3
1505,20,2
1506,16,1
1506,19,3
1506,20,2
1507,8,3
1507,10,2
1507,16,1
1508,9,2
1508,14,3
1508,16,1
1509,7,2
1509,9,3
1509,16,1
1510,5,3
1510,7,2
1510,16,1
1511,1,2
1511,10,3
1511,16,1
1512,5,2
1512,16,1
1512,18,3
1513,6,2
1513,16,1
1513,20,3
1514,13,2
1514,16,1
1514,18,3
1515,5,2
1515,16,1
1515,17,3
1516,3,2
1516,15,3
1516,16,1
1517,1,3
1517,10,2
1517,16,1
1518,2,3
1518,9,2
1518,16,1
1519,11,2
1519,15,3
1519,16,1
1520,3,3
1520,9,2
1520,16,1
1521,10,3
1521,16,1
1521,17,2
1522,13,3
1522,15,2
1522,16,1
1523,12,2
1523,15,3
1523,16,1
1524,2,3
1524,11,2
1524,16,1
1525,2,3
1525,13,2
1525,17,1
1526,1,2
1526,6,3
1526,17,1
1527,9,2
1527,17,1
1527,20,3
1528,9,3
1528,14,2
1528,17,1
1529,2,2
1529,11,3
1529,17,1
1530,8,3
1530,14,2
1530,17,1
1531,11,2
1531,17,1
1531,20,3
1532,9,3
1532,15,2
1532,17,1
1533,11,2
1533,17,1
1533,20,3
1534,8,2
1534,17,1
1534,18,3
1535,12,3
1535,14,2
1535,17,1
1536,11,2
1536,17,1
1536,19,3
1537,10,3
1537,16,2
1537,17,1
1538,11,3
1538,14,2
1538,17,1
1539,2,2
1539,8,3
1539,17,1
1540,7,2
1540,17,1
1540,18,3
1541,1,2
1541,15,3
1541,18,1
1542,1,3
1542,10,2
1542,18,1
1543,6,3
1543,8,2
1543,18,1
1544,8,3
1544,15,2
1544,18,1
1545,10,2
1545,18,1
1545,19,3
1546,8,3
1546,13,2
1546,18,1
1547,5,2
1547,10,3
1547,18,1
1548,1,3
1548,13,2
1548,18,1
1549,6,2
1549,12,3
1549,18,1
1550,13,2
1550,16,3
1550,18,1
1551,15,2
1551,18,1
1551,20,3
1552,10,2
1552,12,3
1552,18,1
1553,13,2
1553,15,3
1553,18,1
1554,1,3
1554,13,2
1554,18,1
1555,10,2
1555,12,3
1555,18,1
1556,4,3
1556,5,2
1556,18,1
1557,11,3
1557,15,2
1557,18,1
1558,1,3
1558,2,2
1558,18,1
1559,2,2
1559,18,1
1559,19,3
1560,6,3
1560,12,2
1560,18,1
1561,17,2
1561,18,1
1561,20,3
1562,4,3
1562,11,2
1562,18,1
1563,4,2
1563,15,3
1563,18,1
1564,7,3
1564,18,1
1564,19,2
1565,8,2
1565,15,3
1565,19,1
1566,3,2
1566,19,1
1566,20,3
1567,5,2
1567,8,3
1567,19,1
1568,9,2
1568,10,3
1568,19,1
1569,3,2
1569,10,3
1569,19,1
1570,8,2
1570,18,3
1570,19,1
1571,7,2
1571,19,1
1571,20,3
1572,2,2
1572,3,3
1572,19,1
1573,12,3
1573,18,2
1573,19,1
1574,5,3
1574,14,2
1574,19,1
1575,10,3
1575,12,2
1575,19,1
1576,1,2
1576,2,3
1576,19,1
1577,14,3
1577,19,1
1577,20,2
1578,1,3
1578,2,2
1578,19,1
1579,14,3
1579,17,2
1579,19,1
1580,2,3
1580,11,2
1580,19,1
1581,5,3
1581,6,2
1581,19,1
1582,13,3
1582,16,2
1582,19,1
1583,10,3
1583,11,2
1583,19,1
1584,2,3
1584,4,2
1584,19,1
1585,17,3
1585,18,2
1585,19,1
1586,15,2
1586,17,3
1586,19,1
1587,1,2
1587,18,3
1587,20,1
1588,14,2
1588,15,3
1588,20,1
1589,3,2
1589,13,3
1589,20,1
1590,12,2
1590,17,3
1590,20,1
1591,10,2
1591,16,3
1591,20,1
1592,5,3
1592,16,2
1592,20,1
1593,3,2
1593,16,3
1593,20,1
1594,10,3
1594,15,2
1594,20,1
1595,3,3
1595,9,2
1595,20,1
1596,10,3
1596,17,2
1596,20,1
1597,3,3
1597,13,2
1597,20,1
1598,14,2
1598,15,3
1598,20,1
1599,4,3
1599,12,2
1599,20,1
1600,3,2
1600,16,3
1600,20,1
1601,2,3
1601,15,2
1601,20,1
1602,5,2
1602,10,3
1602,20,1
1603,1,1
1603,6,3
1603,11,2
1604,1,1
1604,8,2
1604,15,3
1605,1,1
1605,5,2
1605,20,3
