track_id,release_id,track_title,track_number,duration_sec,isrc,is_explicit
1,1,Amber Phantoms,1,218,SIM00000101,0
2,2,Golden Sirens,1,254,SIM00000201,0
3,3,Restless Horizon,1,210,SIM00000301,0
4,4,Hollow Hearts,1,231,SIM00000401,0
5,5,Silver Shadows,1,190,SIM00000501,0
6,6,Sunken Riot,1,196,SIM00000601,0
7,7,Static Vultures,1,189,SIM00000701,0
8,8,Crimson Vibes,1,247,SIM00000801,0
9,8,Static Vultures,2,211,SIM00000802,0
10,8,Sunken Riot,3,197,SIM00000803,1
11,8,Silver Shadows,4,265,SIM00000804,0
12,8,Hollow Hearts,5,228,SIM00000805,0
13,9,Sacred Tides,1,252,SIM00000901,0
14,9,Crimson Vibes,2,196,SIM00000902,0
15,9,Static Vultures,3,221,SIM00000903,0
16,10,Solar Youth,1,260,SIM00001001,0
17,11,Neon Ghosts,1,155,SIM00001101,0
18,12,Glass Waves,1,215,SIM00001201,1
19,12,Neon Ghosts,2,262,SIM00001202,0
20,12,Solar Youth,3,256,SIM00001203,0
21,13,Lonely Wolves,1,199,SIM00001301,0
22,13,Glass Waves,2,258,SIM00001302,1
23,13,Neon Ghosts,3,196,SIM00001303,0
24,13,Solar Youth,4,188,SIM00001304,0
25,14,Velvet Roses,1,211,SIM00001401,0
26,14,Lonely Wolves,2,255,SIM00001402,0
27,14,Glass Waves,3,164,SIM00001403,0
28,14,Neon Ghosts,4,199,SIM00001404,0
29,14,Solar Youth,5,237,SIM00001405,0
30,15,Paper Rebels,1,171,SIM00001501,0
31,15,Velvet Roses,2,244,SIM00001502,0
32,15,Lonely Wolves,3,187,SIM00001503,0
33,15,Glass Waves,4,249,SIM00001504,0
34,15,Neon Ghosts,5,257,SIM00001505,1
35,15,Solar Youth,6,212,SIM00001506,0
36,15,Sacred Tides,7,256,SIM00001507,0
37,15,Crimson Vibes,8,171,SIM00001508,0
38,15,Static Vultures,9,192,SIM00001509,0
39,15,Sunken Riot,10,174,SIM00001510,0
40,16,Wild Ravens,1,235,SIM00001601,0
41,17,Electric Bones,1,225,SIM00001701,0
42,17,Wild Ravens,2,215,SIM00001702,0
43,17,Paper Rebels,3,241,SIM00001703,0
44,17,Velvet Roses,4,209,SIM00001704,0
45,17,Lonely Wolves,5,224,SIM00001705,0
46,18,Iron Saints,1,193,SIM00001801,0
47,18,Electric Bones,2,179,SIM00001802,0
48,18,Wild Ravens,3,193,SIM00001803,0
49,19,Broken Echoes,1,234,SIM00001901,0
50,19,Iron Saints,2,158,SIM00001902,1
51,19,Electric Bones,3,267,SIM00001903,0
52,19,Wild Ravens,4,266,SIM00001904,0
53,20,Midnight Foxes,1,223,SIM00002001,0
54,20,Broken Echoes,2,257,SIM00002002,0
55,20,Iron Saints,3,206,SIM00002003,0
56,20,Electric Bones,4,259,SIM00002004,0
57,20,Wild Ravens,5,161,SIM00002005,0
58,21,Amber Phantoms,1,216,SIM00002101,1
59,21,Midnight Foxes,2,240,SIM00002102,0
60,21,Broken Echoes,3,184,SIM00002103,0
61,22,Golden Sirens,1,239,SIM00002201,0
62,22,Amber Phantoms,2,210,SIM00002202,0
63,22,Midnight Foxes,3,261,SIM00002203,0
64,22,Broken Echoes,4,155,SIM00002204,0
65,22,Iron Saints,5,204,SIM00002205,0
66,22,Electric Bones,6,187,SIM00002206,0
67,22,Wild Ravens,7,254,SIM00002207,0
68,22,Paper Rebels,8,236,SIM00002208,0
69,22,Velvet Roses,9,245,SIM00002209,0
70,22,Lonely Wolves,10,233,SIM00002210,0
71,22,Glass Waves,11,152,SIM00002211,0
72,23,Restless Horizon,1,163,SIM00002301,0
73,23,Golden Sirens,2,263,SIM00002302,0
74,23,Amber Phantoms,3,264,SIM00002303,0
75,23,Midnight Foxes,4,218,SIM00002304,1
76,23,Broken Echoes,5,184,SIM00002305,0
77,24,Hollow Hearts,1,189,SIM00002401,0
78,24,Restless Horizon,2,238,SIM00002402,0
79,24,Golden Sirens,3,156,SIM00002403,0
80,25,Silver Shadows,1,187,SIM00002501,0
81,25,Hollow Hearts,2,215,SIM00002502,0
82,25,Restless Horizon,3,206,SIM00002503,0
83,25,Golden Sirens,4,157,SIM00002504,0
84,25,Amber Phantoms,5,260,SIM00002505,1
85,25,Midnight Foxes,6,263,SIM00002506,0
86,25,Broken Echoes,7,234,SIM00002507,0
87,25,Iron Saints,8,249,SIM00002508,0
88,26,Sunken Riot,1,202,SIM00002601,1
89,26,Silver Shadows,2,253,SIM00002602,0
90,26,Hollow Hearts,3,202,SIM00002603,0
91,26,Restless Horizon,4,222,SIM00002604,0
92,26,Golden Sirens,5,202,SIM00002605,0
93,26,Amber Phantoms,6,263,SIM00002606,0
94,26,Midnight Foxes,7,156,SIM00002607,1
95,26,Broken Echoes,8,203,SIM00002608,0
96,26,Iron Saints,9,156,SIM00002609,0
97,27,Static Vultures,1,155,SIM00002701,0
98,28,Crimson Vibes,1,184,SIM00002801,0
99,28,Static Vultures,2,167,SIM00002802,0
100,28,Sunken Riot,3,170,SIM00002803,1
101,28,Silver Shadows,4,254,SIM00002804,1
102,29,Sacred Tides,1,151,SIM00002901,0
103,29,Crimson Vibes,2,201,SIM00002902,1
104,29,Static Vultures,3,269,SIM00002903,0
105,29,Sunken Riot,4,165,SIM00002904,0
106,29,Silver Shadows,5,211,SIM00002905,1
107,29,Hollow Hearts,6,214,SIM00002906,0
108,29,Restless Horizon,7,226,SIM00002907,0
109,29,Golden Sirens,8,187,SIM00002908,0
110,29,Amber Phantoms,9,180,SIM00002909,0
111,29,Midnight Foxes,10,259,SIM00002910,0
112,29,Broken Echoes,11,163,SIM00002911,0
113,29,Iron Saints,12,257,SIM00002912,1
114,30,Solar Youth,1,269,SIM00003001,0
115,30,Sacred Tides,2,248,SIM00003002,0
116,30,Crimson Vibes,3,223,SIM00003003,0
117,30,Static Vultures,4,175,SIM00003004,0
118,30,Sunken Riot,5,218,SIM00003005,0
119,30,Silver Shadows,6,260,SIM00003006,0
120,30,Hollow Hearts,7,190,SIM00003007,0
121,31,Neon Ghosts,1,162,SIM00003101,0
122,32,Glass Waves,1,258,SIM00003201,1
123,33,Lonely Wolves,1,186,SIM00003301,0
124,34,Velvet Roses,1,231,SIM00003401,0
125,34,Lonely Wolves,2,163,SIM00003402,1
126,34,Glass Waves,3,266,SIM00003403,0
127,34,Neon Ghosts,4,207,SIM00003404,0
128,34,Solar Youth,5,188,SIM00003405,0
129,34,Sacred Tides,6,254,SIM00003406,0
130,34,Crimson Vibes,7,219,SIM00003407,0
131,34,Static Vultures,8,165,SIM00003408,0
132,34,Sunken Riot,9,178,SIM00003409,1
133,34,Silver Shadows,10,196,SIM00003410,0
134,34,Hollow Hearts,11,173,SIM00003411,0
135,35,Paper Rebels,1,172,SIM00003501,0
136,35,Velvet Roses,2,257,SIM00003502,0
137,35,Lonely Wolves,3,179,SIM00003503,0
138,35,Glass Waves,4,232,SIM00003504,0
139,35,Neon Ghosts,5,246,SIM00003505,0
140,35,Solar Youth,6,162,SIM00003506,0
141,35,Sacred Tides,7,230,SIM00003507,0
142,35,Crimson Vibes,8,250,SIM00003508,0
143,35,Static Vultures,9,260,SIM00003509,0
144,35,Sunken Riot,10,267,SIM00003510,0
145,35,Silver Shadows,11,186,SIM00003511,0
146,35,Hollow Hearts,12,264,SIM00003512,0
147,36,Wild Ravens,1,198,SIM00003601,0
148,37,Electric Bones,1,160,SIM00003701,0
149,37,Wild Ravens,2,153,SIM00003702,0
150,37,Paper Rebels,3,247,SIM00003703,0
151,37,Velvet Roses,4,161,SIM00003704,0
152,37,Lonely Wolves,5,219,SIM00003705,0
153,37,Glass Waves,6,162,SIM00003706,0
154,37,Neon Ghosts,7,251,SIM00003707,0
155,37,Solar Youth,8,165,SIM00003708,1
156,38,Iron Saints,1,242,SIM00003801,0
157,39,Broken Echoes,1,215,SIM00003901,0
158,40,Midnight Foxes,1,191,SIM00004001,0
159,41,Amber Phantoms,1,240,SIM00004101,1
160,42,Golden Sirens,1,181,SIM00004201,0
161,43,Restless Horizon,1,164,SIM00004301,0
162,44,Hollow Hearts,1,266,SIM00004401,0
163,45,Silver Shadows,1,184,SIM00004501,0
164,46,Sunken Riot,1,249,SIM00004601,0
165,47,Static Vultures,1,164,SIM00004701,0
166,48,Crimson Vibes,1,255,SIM00004801,0
167,49,Sacred Tides,1,226,SIM00004901,0
168,50,Solar Youth,1,173,SIM00005001,0
169,50,Sacred Tides,2,258,SIM00005002,1
170,50,Crimson Vibes,3,213,SIM00005003,0
171,50,Static Vultures,4,253,SIM00005004,0
172,50,Sunken Riot,5,234,SIM00005005,0
173,51,Neon Ghosts,1,227,SIM00005101,0
174,51,Solar Youth,2,259,SIM00005102,0
175,51,Sacred Tides,3,207,SIM00005103,1
176,52,Glass Waves,1,250,SIM00005201,1
177,53,Lonely Wolves,1,221,SIM00005301,0
178,54,Velvet Roses,1,255,SIM00005401,0
179,55,Paper Rebels,1,180,SIM00005501,0
180,56,Wild Ravens,1,262,SIM00005601,1
181,57,Electric Bones,1,210,SIM00005701,0
182,57,Wild Ravens,2,174,SIM00005702,0
183,57,Paper Rebels,3,194,SIM00005703,0
184,58,Iron Saints,1,178,SIM00005801,0
185,58,Electric Bones,2,171,SIM00005802,1
186,58,Wild Ravens,3,176,SIM00005803,0
187,58,Paper Rebels,4,214,SIM00005804,0
188,59,Broken Echoes,1,183,SIM00005901,1
189,60,Midnight Foxes,1,204,SIM00006001,1
190,60,Broken Echoes,2,159,SIM00006002,1
191,60,Iron Saints,3,207,SIM00006003,0
192,61,Amber Phantoms,1,191,SIM00006101,0
193,61,Midnight Foxes,2,183,SIM00006102,0
194,61,Broken Echoes,3,176,SIM00006103,0
195,61,Iron Saints,4,226,SIM00006104,0
196,62,Golden Sirens,1,174,SIM00006201,0
197,62,Amber Phantoms,2,169,SIM00006202,0
198,62,Midnight Foxes,3,180,SIM00006203,1
199,62,Broken Echoes,4,185,SIM00006204,0
200,62,Iron Saints,5,191,SIM00006205,0
201,63,Restless Horizon,1,266,SIM00006301,0
202,63,Golden Sirens,2,181,SIM00006302,0
203,63,Amber Phantoms,3,182,SIM00006303,1
204,63,Midnight Foxes,4,236,SIM00006304,0
205,63,Broken Echoes,5,192,SIM00006305,0
206,63,Iron Saints,6,177,SIM00006306,0
207,63,Electric Bones,7,167,SIM00006307,1
208,63,Wild Ravens,8,242,SIM00006308,0
209,63,Paper Rebels,9,177,SIM00006309,1
210,63,Velvet Roses,10,208,SIM00006310,0
211,64,Hollow Hearts,1,176,SIM00006401,1
212,64,Restless Horizon,2,244,SIM00006402,0
213,64,Golden Sirens,3,154,SIM00006403,1
214,64,Amber Phantoms,4,222,SIM00006404,0
215,65,Silver Shadows,1,160,SIM00006501,0
216,65,Hollow Hearts,2,181,SIM00006502,0
217,65,Restless Horizon,3,182,SIM00006503,0
218,65,Golden Sirens,4,230,SIM00006504,0
219,65,Amber Phantoms,5,187,SIM00006505,0
220,66,Sunken Riot,1,257,SIM00006601,0
221,66,Silver Shadows,2,167,SIM00006602,0
222,66,Hollow Hearts,3,241,SIM00006603,1
223,67,Static Vultures,1,170,SIM00006701,0
224,67,Sunken Riot,2,196,SIM00006702,0
225,67,Silver Shadows,3,244,SIM00006703,0
226,67,Hollow Hearts,4,204,SIM00006704,0
227,67,Restless Horizon,5,220,SIM00006705,0
228,67,Golden Sirens,6,152,SIM00006706,1
229,67,Amber Phantoms,7,160,SIM00006707,0
230,67,Midnight Foxes,8,218,SIM00006708,0
231,68,Crimson Vibes,1,268,SIM00006801,0
232,68,Static Vultures,2,222,SIM00006802,0
233,68,Sunken Riot,3,227,SIM00006803,0
234,68,Silver Shadows,4,242,SIM00006804,0
235,68,Hollow Hearts,5,253,SIM00006805,0
236,68,Restless Horizon,6,196,SIM00006806,0
237,68,Golden Sirens,7,221,SIM00006807,0
238,68,Amber Phantoms,8,248,SIM00006808,0
239,68,Midnight Foxes,9,173,SIM00006809,0
240,69,Sacred Tides,1,193,SIM00006901,0
241,70,Solar Youth,1,172,SIM00007001,0
242,70,Sacred Tides,2,182,SIM00007002,0
243,70,Crimson Vibes,3,206,SIM00007003,0
244,70,Static Vultures,4,213,SIM00007004,0
245,71,Neon Ghosts,1,247,SIM00007101,1
246,71,Solar Youth,2,225,SIM00007102,1
247,71,Sacred Tides,3,234,SIM00007103,0
248,71,Crimson Vibes,4,240,SIM00007104,0
249,71,Static Vultures,5,260,SIM00007105,0
250,72,Glass Waves,1,229,SIM00007201,0
251,72,Neon Ghosts,2,188,SIM00007202,0
252,72,Solar Youth,3,165,SIM00007203,0
253,72,Sacred Tides,4,221,SIM00007204,0
254,72,Crimson Vibes,5,170,SIM00007205,1
255,72,Static Vultures,6,255,SIM00007206,0
256,72,Sunken Riot,7,168,SIM00007207,0
257,73,Lonely Wolves,1,267,SIM00007301,1
258,73,Glass Waves,2,185,SIM00007302,0
259,73,Neon Ghosts,3,242,SIM00007303,0
260,73,Solar Youth,4,156,SIM00007304,0
261,74,Velvet Roses,1,158,SIM00007401,0
262,74,Lonely Wolves,2,252,SIM00007402,1
263,74,Glass Waves,3,215,SIM00007403,0
264,74,Neon Ghosts,4,227,SIM00007404,0
265,74,Solar Youth,5,202,SIM00007405,0
266,74,Sacred Tides,6,209,SIM00007406,0
267,74,Crimson Vibes,7,210,SIM00007407,0
268,74,Static Vultures,8,158,SIM00007408,0
269,74,Sunken Riot,9,251,SIM00007409,0
270,75,Paper Rebels,1,192,SIM00007501,0
271,75,Velvet Roses,2,173,SIM00007502,0
272,75,Lonely Wolves,3,216,SIM00007503,0
273,75,Glass Waves,4,237,SIM00007504,0
274,75,Neon Ghosts,5,256,SIM00007505,0
275,75,Solar Youth,6,176,SIM00007506,0
276,75,Sacred Tides,7,176,SIM00007507,0
277,75,Crimson Vibes,8,175,SIM00007508,0
278,75,Static Vultures,9,151,SIM00007509,0
279,75,Sunken Riot,10,194,SIM00007510,0
280,76,Wild Ravens,1,254,SIM00007601,0
281,77,Electric Bones,1,174,SIM00007701,0
282,77,Wild Ravens,2,150,SIM00007702,0
283,77,Paper Rebels,3,180,SIM00007703,0
284,77,Velvet Roses,4,246,SIM00007704,0
285,77,Lonely Wolves,5,157,SIM00007705,0
286,77,Glass Waves,6,262,SIM00007706,0
287,77,Neon Ghosts,7,180,SIM00007707,0
288,77,Solar Youth,8,189,SIM00007708,0
289,77,Sacred Tides,9,155,SIM00007709,0
290,77,Crimson Vibes,10,246,SIM00007710,0
291,77,Static Vultures,11,264,SIM00007711,0
292,77,Sunken Riot,12,255,SIM00007712,0
293,78,Iron Saints,1,160,SIM00007801,0
294,78,Electric Bones,2,244,SIM00007802,0
295,78,Wild Ravens,3,177,SIM00007803,0
296,78,Paper Rebels,4,177,SIM00007804,0
297,78,Velvet Roses,5,182,SIM00007805,0
298,78,Lonely Wolves,6,154,SIM00007806,0
299,78,Glass Waves,7,182,SIM00007807,0
300,79,Broken Echoes,1,255,SIM00007901,0
301,80,Midnight Foxes,1,173,SIM00008001,0
302,81,Amber Phantoms,1,243,SIM00008101,0
303,82,Golden Sirens,1,150,SIM00008201,0
304,82,Amber Phantoms,2,170,SIM00008202,1
305,82,Midnight Foxes,3,169,SIM00008203,0
306,82,Broken Echoes,4,218,SIM00008204,0
307,82,Iron Saints,5,186,SIM00008205,0
308,82,Electric Bones,6,235,SIM00008206,0
309,82,Wild Ravens,7,235,SIM00008207,0
310,82,Paper Rebels,8,171,SIM00008208,0
311,82,Velvet Roses,9,263,SIM00008209,0
312,82,Lonely Wolves,10,200,SIM00008210,0
313,82,Glass Waves,11,208,SIM00008211,0
314,83,Restless Horizon,1,199,SIM00008301,0
315,84,Hollow Hearts,1,205,SIM00008401,0
316,85,Silver Shadows,1,166,SIM00008501,0
317,86,Sunken Riot,1,192,SIM00008601,0
318,87,Static Vultures,1,211,SIM00008701,0
319,88,Crimson Vibes,1,207,SIM00008801,0
320,89,Sacred Tides,1,215,SIM00008901,0
321,90,Solar Youth,1,153,SIM00009001,0
322,91,Neon Ghosts,1,221,SIM00009101,0
323,92,Glass Waves,1,162,SIM00009201,0
324,93,Lonely Wolves,1,217,SIM00009301,1
325,94,Velvet Roses,1,249,SIM00009401,0
326,95,Paper Rebels,1,233,SIM00009501,0
327,96,Wild Ravens,1,243,SIM00009601,0
328,97,Electric Bones,1,214,SIM00009701,0
329,98,Iron Saints,1,168,SIM00009801,0
330,98,Electric Bones,2,163,SIM00009802,1
331,98,Wild Ravens,3,245,SIM00009803,0
332,98,Paper Rebels,4,169,SIM00009804,1
333,98,Velvet Roses,5,255,SIM00009805,0
334,99,Broken Echoes,1,187,SIM00009901,0
335,99,Iron Saints,2,267,SIM00009902,0
336,99,Electric Bones,3,238,SIM00009903,0
337,100,Midnight Foxes,1,177,SIM00010001,0
338,101,Amber Phantoms,1,237,SIM00010101,0
339,102,Golden Sirens,1,244,SIM00010201,0
340,102,Amber Phantoms,2,191,SIM00010202,0
341,102,Midnight Foxes,3,215,SIM00010203,0
342,103,Restless Horizon,1,174,SIM00010301,0
343,103,Golden Sirens,2,151,SIM00010302,1
344,103,Amber Phantoms,3,196,SIM00010303,0
345,103,Midnight Foxes,4,183,SIM00010304,0
346,104,Hollow Hearts,1,242,SIM00010401,0
347,104,Restless Horizon,2,163,SIM00010402,0
348,104,Golden Sirens,3,180,SIM00010403,0
349,104,Amber Phantoms,4,254,SIM00010404,0
350,104,Midnight Foxes,5,180,SIM00010405,0
351,105,Silver Shadows,1,264,SIM00010501,0
352,105,Hollow Hearts,2,250,SIM00010502,0
353,105,Restless Horizon,3,181,SIM00010503,0
354,105,Golden Sirens,4,202,SIM00010504,0
355,105,Amber Phantoms,5,268,SIM00010505,0
356,105,Midnight Foxes,6,251,SIM00010506,0
357,105,Broken Echoes,7,162,SIM00010507,0
358,105,Iron Saints,8,188,SIM00010508,0
359,105,Electric Bones,9,180,SIM00010509,0
360,105,Wild Ravens,10,259,SIM00010510,0
361,106,Sunken Riot,1,154,SIM00010601,1
362,107,Static Vultures,1,217,SIM00010701,0
363,107,Sunken Riot,2,197,SIM00010702,0
364,107,Silver Shadows,3,208,SIM00010703,0
365,107,Hollow Hearts,4,238,SIM00010704,0
366,107,Restless Horizon,5,217,SIM00010705,0
367,108,Crimson Vibes,1,155,SIM00010801,0
368,108,Static Vultures,2,256,SIM00010802,0
369,108,Sunken Riot,3,194,SIM00010803,0
370,109,Sacred Tides,1,163,SIM00010901,0
371,109,Crimson Vibes,2,238,SIM00010902,0
372,109,Static Vultures,3,153,SIM00010903,0
373,109,Sunken Riot,4,268,SIM00010904,0
374,110,Solar Youth,1,210,SIM00011001,0
375,110,Sacred Tides,2,235,SIM00011002,0
376,110,Crimson Vibes,3,263,SIM00011003,1
377,110,Static Vultures,4,226,SIM00011004,0
378,110,Sunken Riot,5,225,SIM00011005,0
379,111,Neon Ghosts,1,180,SIM00011101,0
380,111,Solar Youth,2,159,SIM00011102,0
381,111,Sacred Tides,3,177,SIM00011103,0
382,112,Glass Waves,1,221,SIM00011201,1
383,112,Neon Ghosts,2,190,SIM00011202,0
384,112,Solar Youth,3,158,SIM00011203,0
385,112,Sacred Tides,4,191,SIM00011204,0
386,112,Crimson Vibes,5,258,SIM00011205,0
387,112,Static Vultures,6,151,SIM00011206,0
388,112,Sunken Riot,7,163,SIM00011207,0
389,112,Silver Shadows,8,265,SIM00011208,0
390,112,Hollow Hearts,9,186,SIM00011209,0
391,112,Restless Horizon,10,172,SIM00011210,0
392,112,Golden Sirens,11,241,SIM00011211,0
393,113,Lonely Wolves,1,246,SIM00011301,0
394,113,Glass Waves,2,202,SIM00011302,0
395,113,Neon Ghosts,3,154,SIM00011303,0
396,113,Solar Youth,4,243,SIM00011304,0
397,113,Sacred Tides,5,203,SIM00011305,0
398,114,Velvet Roses,1,214,SIM00011401,0
399,114,Lonely Wolves,2,175,SIM00011402,0
400,114,Glass Waves,3,168,SIM00011403,0
401,115,Paper Rebels,1,155,SIM00011501,0
402,115,Velvet Roses,2,209,SIM00011502,0
403,115,Lonely Wolves,3,151,SIM00011503,0
404,115,Glass Waves,4,240,SIM00011504,0
405,115,Neon Ghosts,5,185,SIM00011505,0
406,115,Solar Youth,6,245,SIM00011506,0
407,115,Sacred Tides,7,212,SIM00011507,0
408,115,Crimson Vibes,8,237,SIM00011508,0
409,116,Wild Ravens,1,161,SIM00011601,0
410,116,Paper Rebels,2,176,SIM00011602,0
411,116,Velvet Roses,3,187,SIM00011603,0
412,116,Lonely Wolves,4,265,SIM00011604,0
413,116,Glass Waves,5,215,SIM00011605,0
414,116,Neon Ghosts,6,222,SIM00011606,0
415,116,Solar Youth,7,227,SIM00011607,0
416,116,Sacred Tides,8,242,SIM00011608,0
417,116,Crimson Vibes,9,243,SIM00011609,0
418,117,Electric Bones,1,253,SIM00011701,0
419,118,Iron Saints,1,192,SIM00011801,0
420,118,Electric Bones,2,267,SIM00011802,0
421,118,Wild Ravens,3,207,SIM00011803,0
422,118,Paper Rebels,4,185,SIM00011804,0
423,119,Broken Echoes,1,179,SIM00011901,0
424,119,Iron Saints,2,152,SIM00011902,1
425,119,Electric Bones,3,165,SIM00011903,0
426,119,Wild Ravens,4,184,SIM00011904,0
427,119,Paper Rebels,5,184,SIM00011905,0
428,119,Velvet Roses,6,248,SIM00011906,0
429,119,Lonely Wolves,7,153,SIM00011907,0
430,119,Glass Waves,8,166,SIM00011908,0
431,119,Neon Ghosts,9,190,SIM00011909,0
432,119,Solar Youth,10,165,SIM00011910,0
433,119,Sacred Tides,11,208,SIM00011911,0
434,119,Crimson Vibes,12,168,SIM00011912,0
435,120,Midnight Foxes,1,209,SIM00012001,0
436,120,Broken Echoes,2,161,SIM00012002,0
437,120,Iron Saints,3,192,SIM00012003,0
438,120,Electric Bones,4,256,SIM00012004,0
439,120,Wild Ravens,5,224,SIM00012005,0
440,120,Paper Rebels,6,242,SIM00012006,0
441,120,Velvet Roses,7,163,SIM00012007,0
442,121,Amber Phantoms,1,171,SIM00012101,0
443,122,Golden Sirens,1,194,SIM00012201,0
444,123,Restless Horizon,1,196,SIM00012301,0
445,124,Hollow Hearts,1,150,SIM00012401,0
446,124,Restless Horizon,2,226,SIM00012402,0
447,124,Golden Sirens,3,155,SIM00012403,0
448,124,Amber Phantoms,4,173,SIM00012404,0
449,124,Midnight Foxes,5,188,SIM00012405,0
450,124,Broken Echoes,6,181,SIM00012406,0
451,124,Iron Saints,7,168,SIM00012407,0
452,124,Electric Bones,8,218,SIM00012408,0
453,124,Wild Ravens,9,201,SIM00012409,0
454,124,Paper Rebels,10,161,SIM00012410,0
455,124,Velvet Roses,11,257,SIM00012411,0
456,125,Silver Shadows,1,175,SIM00012501,0
457,125,Hollow Hearts,2,255,SIM00012502,0
458,125,Restless Horizon,3,248,SIM00012503,0
459,125,Golden Sirens,4,231,SIM00012504,0
460,125,Amber Phantoms,5,211,SIM00012505,1
461,125,Midnight Foxes,6,217,SIM00012506,0
462,125,Broken Echoes,7,159,SIM00012507,1
463,125,Iron Saints,8,198,SIM00012508,0
464,125,Electric Bones,9,267,SIM00012509,0
465,125,Wild Ravens,10,258,SIM00012510,0
466,125,Paper Rebels,11,203,SIM00012511,0
467,125,Velvet Roses,12,187,SIM00012512,0
468,126,Sunken Riot,1,266,SIM00012601,1
469,127,Static Vultures,1,216,SIM00012701,0
470,127,Sunken Riot,2,251,SIM00012702,0
471,127,Silver Shadows,3,161,SIM00012703,0
472,127,Hollow Hearts,4,178,SIM00012704,0
473,127,Restless Horizon,5,230,SIM00012705,0
474,127,Golden Sirens,6,214,SIM00012706,1
475,127,Amber Phantoms,7,167,SIM00012707,0
476,127,Midnight Foxes,8,260,SIM00012708,0
477,128,Crimson Vibes,1,177,SIM00012801,0
478,129,Sacred Tides,1,155,SIM00012901,0
479,130,Solar Youth,1,243,SIM00013001,0
480,131,Neon Ghosts,1,190,SIM00013101,0
481,132,Glass Waves,1,201,SIM00013201,0
482,133,Lonely Wolves,1,162,SIM00013301,1
483,134,Velvet Roses,1,173,SIM00013401,0
484,135,Paper Rebels,1,242,SIM00013501,0
485,136,Wild Ravens,1,252,SIM00013601,0
486,137,Electric Bones,1,193,SIM00013701,0
487,138,Iron Saints,1,163,SIM00013801,0
488,139,Broken Echoes,1,252,SIM00013901,0
489,140,Midnight Foxes,1,181,SIM00014001,0
490,140,Broken Echoes,2,181,SIM00014002,0
491,140,Iron Saints,3,235,SIM00014003,1
492,140,Electric Bones,4,160,SIM00014004,0
493,140,Wild Ravens,5,188,SIM00014005,0
494,141,Amber Phantoms,1,180,SIM00014101,0
495,141,Midnight Foxes,2,152,SIM00014102,1
496,141,Broken Echoes,3,152,SIM00014103,1
497,142,Golden Sirens,1,172,SIM00014201,0
498,143,Restless Horizon,1,188,SIM00014301,0
499,144,Hollow Hearts,1,206,SIM00014401,0
500,145,Silver Shadows,1,162,SIM00014501,1
501,146,Sunken Riot,1,241,SIM00014601,0
502,147,Static Vultures,1,211,SIM00014701,0
503,147,Sunken Riot,2,264,SIM00014702,0
504,147,Silver Shadows,3,200,SIM00014703,0
505,148,Crimson Vibes,1,200,SIM00014801,0
506,148,Static Vultures,2,176,SIM00014802,0
507,148,Sunken Riot,3,194,SIM00014803,1
508,148,Silver Shadows,4,162,SIM00014804,0
509,149,Sacred Tides,1,216,SIM00014901,0
510,150,Solar Youth,1,232,SIM00015001,0
511,150,Sacred Tides,2,155,SIM00015002,0
512,150,Crimson Vibes,3,234,SIM00015003,0
513,151,Neon Ghosts,1,256,SIM00015101,0
514,151,Solar Youth,2,219,SIM00015102,0
515,151,Sacred Tides,3,262,SIM00015103,0
516,151,Crimson Vibes,4,234,SIM00015104,0
517,152,Glass Waves,1,257,SIM00015201,1
518,152,Neon Ghosts,2,239,SIM00015202,0
519,152,Solar Youth,3,150,SIM00015203,0
520,152,Sacred Tides,4,203,SIM00015204,1
521,152,Crimson Vibes,5,190,SIM00015205,0
522,153,Lonely Wolves,1,209,SIM00015301,0
523,153,Glass Waves,2,185,SIM00015302,0
524,153,Neon Ghosts,3,173,SIM00015303,0
525,153,Solar Youth,4,161,SIM00015304,0
526,153,Sacred Tides,5,158,SIM00015305,0
527,153,Crimson Vibes,6,200,SIM00015306,0
528,153,Static Vultures,7,200,SIM00015307,0
529,153,Sunken Riot,8,169,SIM00015308,0
530,153,Silver Shadows,9,196,SIM00015309,1
531,153,Hollow Hearts,10,255,SIM00015310,0
532,154,Velvet Roses,1,175,SIM00015401,0
533,154,Lonely Wolves,2,163,SIM00015402,0
534,154,Glass Waves,3,170,SIM00015403,0
535,154,Neon Ghosts,4,172,SIM00015404,0
536,155,Paper Rebels,1,160,SIM00015501,0
537,155,Velvet Roses,2,259,SIM00015502,0
538,155,Lonely Wolves,3,212,SIM00015503,1
539,155,Glass Waves,4,237,SIM00015504,0
540,155,Neon Ghosts,5,160,SIM00015505,1
541,156,Wild Ravens,1,162,SIM00015601,0
542,156,Paper Rebels,2,180,SIM00015602,0
543,156,Velvet Roses,3,254,SIM00015603,0
544,157,Electric Bones,1,189,SIM00015701,0
545,157,Wild Ravens,2,196,SIM00015702,0
546,157,Paper Rebels,3,190,SIM00015703,0
547,157,Velvet Roses,4,268,SIM00015704,0
548,157,Lonely Wolves,5,243,SIM00015705,0
549,157,Glass Waves,6,258,SIM00015706,0
550,157,Neon Ghosts,7,160,SIM00015707,0
551,157,Solar Youth,8,224,SIM00015708,0
552,158,Iron Saints,1,267,SIM00015801,0
553,158,Electric Bones,2,151,SIM00015802,0
554,158,Wild Ravens,3,192,SIM00015803,0
555,158,Paper Rebels,4,232,SIM00015804,0
556,158,Velvet Roses,5,247,SIM00015805,0
557,158,Lonely Wolves,6,188,SIM00015806,0
558,158,Glass Waves,7,245,SIM00015807,1
559,158,Neon Ghosts,8,175,SIM00015808,0
560,158,Solar Youth,9,248,SIM00015809,1
561,159,Broken Echoes,1,235,SIM00015901,0
562,160,Midnight Foxes,1,176,SIM00016001,0
563,160,Broken Echoes,2,243,SIM00016002,0
564,160,Iron Saints,3,245,SIM00016003,0
565,160,Electric Bones,4,171,SIM00016004,0
566,161,Amber Phantoms,1,169,SIM00016101,0
567,161,Midnight Foxes,2,218,SIM00016102,0
568,161,Broken Echoes,3,197,SIM00016103,0
569,161,Iron Saints,4,199,SIM00016104,0
570,161,Electric Bones,5,184,SIM00016105,0
571,162,Golden Sirens,1,240,SIM00016201,0
572,162,Amber Phantoms,2,233,SIM00016202,0
573,162,Midnight Foxes,3,202,SIM00016203,1
574,162,Broken Echoes,4,150,SIM00016204,0
575,162,Iron Saints,5,167,SIM00016205,0
576,162,Electric Bones,6,239,SIM00016206,1
577,162,Wild Ravens,7,260,SIM00016207,0
578,163,Restless Horizon,1,248,SIM00016301,0
579,163,Golden Sirens,2,185,SIM00016302,0
580,163,Amber Phantoms,3,180,SIM00016303,0
581,163,Midnight Foxes,4,176,SIM00016304,0
582,164,Hollow Hearts,1,254,SIM00016401,0
583,164,Restless Horizon,2,210,SIM00016402,0
584,164,Golden Sirens,3,241,SIM00016403,0
585,164,Amber Phantoms,4,258,SIM00016404,0
586,164,Midnight Foxes,5,196,SIM00016405,0
587,164,Broken Echoes,6,174,SIM00016406,0
588,164,Iron Saints,7,200,SIM00016407,0
589,164,Electric Bones,8,158,SIM00016408,0
590,164,Wild Ravens,9,228,SIM00016409,0
591,165,Silver Shadows,1,243,SIM00016501,0
592,165,Hollow Hearts,2,252,SIM00016502,0
593,165,Restless Horizon,3,186,SIM00016503,0
594,165,Golden Sirens,4,162,SIM00016504,1
595,165,Amber Phantoms,5,175,SIM00016505,0
596,165,Midnight Foxes,6,158,SIM00016506,1
597,165,Broken Echoes,7,204,SIM00016507,0
598,165,Iron Saints,8,152,SIM00016508,0
599,165,Electric Bones,9,184,SIM00016509,1
600,165,Wild Ravens,10,185,SIM00016510,0
601,166,Sunken Riot,1,157,SIM00016601,1
602,167,Static Vultures,1,202,SIM00016701,0
603,167,Sunken Riot,2,251,SIM00016702,0
604,167,Silver Shadows,3,154,SIM00016703,1
605,167,Hollow Hearts,4,164,SIM00016704,0
606,167,Restless Horizon,5,257,SIM00016705,1
607,167,Golden Sirens,6,153,SIM00016706,0
608,167,Amber Phantoms,7,207,SIM00016707,0
609,167,Midnight Foxes,8,254,SIM00016708,0
610,167,Broken Echoes,9,178,SIM00016709,0
611,167,Iron Saints,10,227,SIM00016710,0
612,167,Electric Bones,11,160,SIM00016711,1
613,167,Wild Ravens,12,249,SIM00016712,1
614,168,Crimson Vibes,1,150,SIM00016801,0
615,168,Static Vultures,2,230,SIM00016802,1
616,168,Sunken Riot,3,229,SIM00016803,0
617,168,Silver Shadows,4,218,SIM00016804,1
618,168,Hollow Hearts,5,257,SIM00016805,1
619,168,Restless Horizon,6,260,SIM00016806,0
620,168,Golden Sirens,7,208,SIM00016807,0
621,169,Sacred Tides,1,258,SIM00016901,0
622,170,Solar Youth,1,255,SIM00017001,0
623,171,Neon Ghosts,1,208,SIM00017101,0
624,172,Glass Waves,1,197,SIM00017201,1
625,172,Neon Ghosts,2,165,SIM00017202,0
626,172,Solar Youth,3,250,SIM00017203,0
627,172,Sacred Tides,4,237,SIM00017204,1
628,172,Crimson Vibes,5,197,SIM00017205,0
629,172,Static Vultures,6,257,SIM00017206,0
630,172,Sunken Riot,7,201,SIM00017207,0
631,172,Silver Shadows,8,168,SIM00017208,0
632,172,Hollow Hearts,9,154,SIM00017209,0
633,172,Restless Horizon,10,186,SIM00017210,1
634,172,Golden Sirens,11,209,SIM00017211,0
635,173,Lonely Wolves,1,222,SIM00017301,0
636,174,Velvet Roses,1,155,SIM00017401,1
637,175,Paper Rebels,1,210,SIM00017501,1
638,176,Wild Ravens,1,159,SIM00017601,1
639,177,Electric Bones,1,260,SIM00017701,0
640,178,Iron Saints,1,256,SIM00017801,0
641,179,Broken Echoes,1,206,SIM00017901,0
642,180,Midnight Foxes,1,154,SIM00018001,0
643,181,Amber Phantoms,1,208,SIM00018101,0
644,182,Golden Sirens,1,251,SIM00018201,0
645,183,Restless Horizon,1,235,SIM00018301,0
646,184,Hollow Hearts,1,269,SIM00018401,1
647,185,Silver Shadows,1,211,SIM00018501,0
648,186,Sunken Riot,1,245,SIM00018601,0
649,187,Static Vultures,1,215,SIM00018701,0
650,188,Crimson Vibes,1,175,SIM00018801,0
651,188,Static Vultures,2,160,SIM00018802,0
652,188,Sunken Riot,3,232,SIM00018803,1
653,188,Silver Shadows,4,191,SIM00018804,0
654,188,Hollow Hearts,5,185,SIM00018805,1
655,189,Sacred Tides,1,207,SIM00018901,0
656,189,Crimson Vibes,2,197,SIM00018902,0
657,189,Static Vultures,3,185,SIM00018903,0
658,190,Solar Youth,1,160,SIM00019001,0
659,191,Neon Ghosts,1,263,SIM00019101,0
660,192,Glass Waves,1,178,SIM00019201,0
661,192,Neon Ghosts,2,155,SIM00019202,0
662,192,Solar Youth,3,236,SIM00019203,0
663,193,Lonely Wolves,1,181,SIM00019301,0
664,193,Glass Waves,2,207,SIM00019302,0
665,193,Neon Ghosts,3,238,SIM00019303,0
666,193,Solar Youth,4,227,SIM00019304,0
667,194,Velvet Roses,1,220,SIM00019401,0
668,194,Lonely Wolves,2,197,SIM00019402,0
669,194,Glass Waves,3,177,SIM00019403,0
670,194,Neon Ghosts,4,249,SIM00019404,1
671,194,Solar Youth,5,238,SIM00019405,0
672,195,Paper Rebels,1,217,SIM00019501,1
673,195,Velvet Roses,2,266,SIM00019502,0
674,195,Lonely Wolves,3,208,SIM00019503,0
675,195,Glass Waves,4,209,SIM00019504,0
676,195,Neon Ghosts,5,157,SIM00019505,0
677,195,Solar Youth,6,236,SIM00019506,0
678,195,Sacred Tides,7,161,SIM00019507,0
679,195,Crimson Vibes,8,198,SIM00019508,0
680,195,Static Vultures,9,247,SIM00019509,0
681,195,Sunken Riot,10,239,SIM00019510,0
682,196,Wild Ravens,1,249,SIM00019601,0
683,197,Electric Bones,1,156,SIM00019701,1
684,197,Wild Ravens,2,210,SIM00019702,1
685,197,Paper Rebels,3,169,SIM00019703,0
686,197,Velvet Roses,4,217,SIM00019704,0
687,197,Lonely Wolves,5,177,SIM00019705,0
688,198,Iron Saints,1,191,SIM00019801,0
689,198,Electric Bones,2,199,SIM00019802,0
690,198,Wild Ravens,3,238,SIM00019803,0
691,199,Broken Echoes,1,184,SIM00019901,0
692,199,Iron Saints,2,247,SIM00019902,0
693,199,Electric Bones,3,244,SIM00019903,0
694,199,Wild Ravens,4,225,SIM00019904,0
695,200,Midnight Foxes,1,254,SIM00020001,0
696,200,Broken Echoes,2,250,SIM00020002,0
697,200,Iron Saints,3,160,SIM00020003,0
698,200,Electric Bones,4,171,SIM00020004,1
699,200,Wild Ravens,5,219,SIM00020005,0
700,201,Amber Phantoms,1,198,SIM00020101,0
701,201,Midnight Foxes,2,199,SIM00020102,0
702,201,Broken Echoes,3,176,SIM00020103,0
703,202,Golden Sirens,1,207,SIM00020201,0
704,202,Amber Phantoms,2,155,SIM00020202,0
705,202,Midnight Foxes,3,223,SIM00020203,0
706,202,Broken Echoes,4,169,SIM00020204,0
707,202,Iron Saints,5,231,SIM00020205,1
708,202,Electric Bones,6,191,SIM00020206,0
709,202,Wild Ravens,7,203,SIM00020207,0
710,202,Paper Rebels,8,198,SIM00020208,0
711,202,Velvet Roses,9,230,SIM00020209,1
712,202,Lonely Wolves,10,168,SIM00020210,0
713,202,Glass Waves,11,257,SIM00020211,0
714,203,Restless Horizon,1,228,SIM00020301,0
715,203,Golden Sirens,2,190,SIM00020302,1
716,203,Amber Phantoms,3,205,SIM00020303,1
717,203,Midnight Foxes,4,242,SIM00020304,0
718,203,Broken Echoes,5,207,SIM00020305,1
719,204,Hollow Hearts,1,171,SIM00020401,0
720,204,Restless Horizon,2,167,SIM00020402,1
721,204,Golden Sirens,3,158,SIM00020403,1
722,205,Silver Shadows,1,162,SIM00020501,0
723,205,Hollow Hearts,2,190,SIM00020502,0
724,205,Restless Horizon,3,200,SIM00020503,1
725,205,Golden Sirens,4,264,SIM00020504,0
726,205,Amber Phantoms,5,193,SIM00020505,0
727,205,Midnight Foxes,6,178,SIM00020506,0
728,205,Broken Echoes,7,177,SIM00020507,0
729,205,Iron Saints,8,169,SIM00020508,0
730,206,Sunken Riot,1,161,SIM00020601,0
731,206,Silver Shadows,2,183,SIM00020602,0
732,206,Hollow Hearts,3,198,SIM00020603,0
733,206,Restless Horizon,4,171,SIM00020604,0
734,206,Golden Sirens,5,245,SIM00020605,0
735,206,Amber Phantoms,6,206,SIM00020606,0
736,206,Midnight Foxes,7,241,SIM00020607,1
737,206,Broken Echoes,8,185,SIM00020608,1
738,206,Iron Saints,9,233,SIM00020609,1
739,207,Static Vultures,1,225,SIM00020701,0
740,208,Crimson Vibes,1,223,SIM00020801,0
741,208,Static Vultures,2,268,SIM00020802,1
742,208,Sunken Riot,3,175,SIM00020803,0
743,208,Silver Shadows,4,175,SIM00020804,1
744,209,Sacred Tides,1,156,SIM00020901,0
745,209,Crimson Vibes,2,172,SIM00020902,0
746,209,Static Vultures,3,161,SIM00020903,0
747,209,Sunken Riot,4,169,SIM00020904,0
748,209,Silver Shadows,5,177,SIM00020905,1
749,209,Hollow Hearts,6,259,SIM00020906,0
750,209,Restless Horizon,7,180,SIM00020907,0
751,209,Golden Sirens,8,228,SIM00020908,0
752,209,Amber Phantoms,9,168,SIM00020909,1
753,209,Midnight Foxes,10,153,SIM00020910,0
754,209,Broken Echoes,11,178,SIM00020911,0
755,209,Iron Saints,12,180,SIM00020912,0
756,210,Solar Youth,1,229,SIM00021001,0
757,210,Sacred Tides,2,191,SIM00021002,1
758,210,Crimson Vibes,3,223,SIM00021003,0
759,210,Static Vultures,4,204,SIM00021004,0
760,210,Sunken Riot,5,160,SIM00021005,0
761,210,Silver Shadows,6,223,SIM00021006,0
762,210,Hollow Hearts,7,246,SIM00021007,1
763,211,Neon Ghosts,1,248,SIM00021101,0
764,212,Glass Waves,1,196,SIM00021201,1
765,213,Lonely Wolves,1,255,SIM00021301,0
766,214,Velvet Roses,1,181,SIM00021401,0
767,214,Lonely Wolves,2,156,SIM00021402,0
768,214,Glass Waves,3,224,SIM00021403,0
769,214,Neon Ghosts,4,181,SIM00021404,0
770,214,Solar Youth,5,203,SIM00021405,0
771,214,Sacred Tides,6,165,SIM00021406,0
772,214,Crimson Vibes,7,208,SIM00021407,0
773,214,Static Vultures,8,162,SIM00021408,0
774,214,Sunken Riot,9,222,SIM00021409,0
775,214,Silver Shadows,10,217,SIM00021410,0
776,214,Hollow Hearts,11,183,SIM00021411,0
777,215,Paper Rebels,1,168,SIM00021501,0
778,215,Velvet Roses,2,197,SIM00021502,0
779,215,Lonely Wolves,3,170,SIM00021503,0
780,215,Glass Waves,4,224,SIM00021504,0
781,215,Neon Ghosts,5,192,SIM00021505,0
782,215,Solar Youth,6,157,SIM00021506,1
783,215,Sacred Tides,7,267,SIM00021507,0
784,215,Crimson Vibes,8,155,SIM00021508,0
785,215,Static Vultures,9,156,SIM00021509,0
786,215,Sunken Riot,10,227,SIM00021510,0
787,215,Silver Shadows,11,238,SIM00021511,0
788,215,Hollow Hearts,12,179,SIM00021512,0
789,216,Wild Ravens,1,161,SIM00021601,0
790,217,Electric Bones,1,211,SIM00021701,0
791,217,Wild Ravens,2,259,SIM00021702,0
792,217,Paper Rebels,3,237,SIM00021703,0
793,217,Velvet Roses,4,219,SIM00021704,0
794,217,Lonely Wolves,5,211,SIM00021705,0
795,217,Glass Waves,6,202,SIM00021706,0
796,217,Neon Ghosts,7,232,SIM00021707,1
797,217,Solar Youth,8,167,SIM00021708,0
798,218,Iron Saints,1,226,SIM00021801,0
799,219,Broken Echoes,1,240,SIM00021901,0
800,220,Midnight Foxes,1,227,SIM00022001,0
801,221,Amber Phantoms,1,206,SIM00022101,0
802,222,Golden Sirens,1,157,SIM00022201,0
803,223,Restless Horizon,1,269,SIM00022301,0
804,224,Hollow Hearts,1,197,SIM00022401,0
805,225,Silver Shadows,1,222,SIM00022501,0
806,226,Sunken Riot,1,264,SIM00022601,1
807,227,Static Vultures,1,225,SIM00022701,0
808,228,Crimson Vibes,1,197,SIM00022801,0
809,229,Sacred Tides,1,244,SIM00022901,0
810,230,Solar Youth,1,197,SIM00023001,0
811,230,Sacred Tides,2,195,SIM00023002,0
812,230,Crimson Vibes,3,235,SIM00023003,0
813,230,Static Vultures,4,159,SIM00023004,0
814,230,Sunken Riot,5,154,SIM00023005,0
815,231,Neon Ghosts,1,157,SIM00023101,0
816,231,Solar Youth,2,256,SIM00023102,0
817,231,Sacred Tides,3,191,SIM00023103,0
818,232,Glass Waves,1,213,SIM00023201,0
819,233,Lonely Wolves,1,261,SIM00023301,0
820,234,Velvet Roses,1,262,SIM00023401,0
821,235,Paper Rebels,1,202,SIM00023501,0
822,236,Wild Ravens,1,256,SIM00023601,0
823,237,Electric Bones,1,262,SIM00023701,1
824,237,Wild Ravens,2,246,SIM00023702,0
825,237,Paper Rebels,3,256,SIM00023703,0
826,238,Iron Saints,1,213,SIM00023801,0
827,238,Electric Bones,2,165,SIM00023802,0
828,238,Wild Ravens,3,236,SIM00023803,0
829,238,Paper Rebels,4,203,SIM00023804,1
830,239,Broken Echoes,1,155,SIM00023901,1
831,240,Midnight Foxes,1,258,SIM00024001,0
832,240,Broken Echoes,2,246,SIM00024002,0
833,240,Iron Saints,3,156,SIM00024003,0
834,241,Amber Phantoms,1,253,SIM00024101,0
835,241,Midnight Foxes,2,254,SIM00024102,0
836,241,Broken Echoes,3,240,SIM00024103,0
837,241,Iron Saints,4,219,SIM00024104,0
838,242,Golden Sirens,1,175,SIM00024201,0
839,242,Amber Phantoms,2,253,SIM00024202,0
840,242,Midnight Foxes,3,197,SIM00024203,0
841,242,Broken Echoes,4,238,SIM00024204,0
842,242,Iron Saints,5,203,SIM00024205,0
843,243,Restless Horizon,1,251,SIM00024301,0
844,243,Golden Sirens,2,159,SIM00024302,0
845,243,Amber Phantoms,3,259,SIM00024303,1
846,243,Midnight Foxes,4,226,SIM00024304,0
847,243,Broken Echoes,5,249,SIM00024305,0
848,243,Iron Saints,6,158,SIM00024306,0
849,243,Electric Bones,7,245,SIM00024307,0
850,243,Wild Ravens,8,208,SIM00024308,1
851,243,Paper Rebels,9,166,SIM00024309,0
852,243,Velvet Roses,10,178,SIM00024310,0
853,244,Hollow Hearts,1,180,SIM00024401,0
854,244,Restless Horizon,2,233,SIM00024402,0
855,244,Golden Sirens,3,262,SIM00024403,0
856,244,Amber Phantoms,4,222,SIM00024404,0
857,245,Silver Shadows,1,150,SIM00024501,0
858,245,Hollow Hearts,2,222,SIM00024502,1
859,245,Restless Horizon,3,208,SIM00024503,0
860,245,Golden Sirens,4,254,SIM00024504,0
861,245,Amber Phantoms,5,168,SIM00024505,1
862,246,Sunken Riot,1,158,SIM00024601,1
863,246,Silver Shadows,2,267,SIM00024602,0
864,246,Hollow Hearts,3,257,SIM00024603,0
865,247,Static Vultures,1,173,SIM00024701,0
866,247,Sunken Riot,2,232,SIM00024702,1
867,247,Silver Shadows,3,185,SIM00024703,0
868,247,Hollow Hearts,4,206,SIM00024704,0
869,247,Restless Horizon,5,175,SIM00024705,0
870,247,Golden Sirens,6,249,SIM00024706,0
871,247,Amber Phantoms,7,247,SIM00024707,1
872,247,Midnight Foxes,8,265,SIM00024708,0
873,248,Crimson Vibes,1,265,SIM00024801,1
874,248,Static Vultures,2,231,SIM00024802,1
875,248,Sunken Riot,3,168,SIM00024803,0
876,248,Silver Shadows,4,244,SIM00024804,0
877,248,Hollow Hearts,5,214,SIM00024805,0
878,248,Restless Horizon,6,161,SIM00024806,0
879,248,Golden Sirens,7,154,SIM00024807,0
880,248,Amber Phantoms,8,242,SIM00024808,0
881,248,Midnight Foxes,9,186,SIM00024809,0
882,249,Sacred Tides,1,255,SIM00024901,0
883,250,Solar Youth,1,260,SIM00025001,0
884,250,Sacred Tides,2,230,SIM00025002,0
885,250,Crimson Vibes,3,199,SIM00025003,0
886,250,Static Vultures,4,246,SIM00025004,0
887,251,Neon Ghosts,1,219,SIM00025101,0
888,251,Solar Youth,2,248,SIM00025102,0
889,251,Sacred Tides,3,194,SIM00025103,0
890,251,Crimson Vibes,4,223,SIM00025104,0
891,251,Static Vultures,5,181,SIM00025105,0
892,252,Glass Waves,1,205,SIM00025201,0
893,252,Neon Ghosts,2,211,SIM00025202,0
894,252,Solar Youth,3,220,SIM00025203,0
895,252,Sacred Tides,4,217,SIM00025204,0
896,252,Crimson Vibes,5,196,SIM00025205,0
897,252,Static Vultures,6,188,SIM00025206,1
898,252,Sunken Riot,7,228,SIM00025207,0
899,253,Lonely Wolves,1,220,SIM00025301,0
900,253,Glass Waves,2,175,SIM00025302,0
901,253,Neon Ghosts,3,248,SIM00025303,0
902,253,Solar Youth,4,230,SIM00025304,0
903,254,Velvet Roses,1,194,SIM00025401,0
904,254,Lonely Wolves,2,268,SIM00025402,0
905,254,Glass Waves,3,201,SIM00025403,1
906,254,Neon Ghosts,4,173,SIM00025404,0
907,254,Solar Youth,5,255,SIM00025405,0
908,254,Sacred Tides,6,269,SIM00025406,0
909,254,Crimson Vibes,7,267,SIM00025407,0
910,254,Static Vultures,8,219,SIM00025408,0
911,254,Sunken Riot,9,176,SIM00025409,0
912,255,Paper Rebels,1,260,SIM00025501,1
913,255,Velvet Roses,2,217,SIM00025502,0
914,255,Lonely Wolves,3,196,SIM00025503,1
915,255,Glass Waves,4,183,SIM00025504,1
916,255,Neon Ghosts,5,248,SIM00025505,0
917,255,Solar Youth,6,162,SIM00025506,0
918,255,Sacred Tides,7,224,SIM00025507,0
919,255,Crimson Vibes,8,254,SIM00025508,0
920,255,Static Vultures,9,267,SIM00025509,0
921,255,Sunken Riot,10,240,SIM00025510,0
922,256,Wild Ravens,1,219,SIM00025601,0
923,257,Electric Bones,1,167,SIM00025701,1
924,257,Wild Ravens,2,224,SIM00025702,1
925,257,Paper Rebels,3,206,SIM00025703,0
926,257,Velvet Roses,4,197,SIM00025704,0
927,257,Lonely Wolves,5,173,SIM00025705,0
928,257,Glass Waves,6,174,SIM00025706,0
929,257,Neon Ghosts,7,157,SIM00025707,0
930,257,Solar Youth,8,195,SIM00025708,0
931,257,Sacred Tides,9,230,SIM00025709,0
932,257,Crimson Vibes,10,183,SIM00025710,1
933,257,Static Vultures,11,189,SIM00025711,0
934,257,Sunken Riot,12,235,SIM00025712,0
935,258,Iron Saints,1,217,SIM00025801,0
936,258,Electric Bones,2,183,SIM00025802,0
937,258,Wild Ravens,3,171,SIM00025803,0
938,258,Paper Rebels,4,262,SIM00025804,0
939,258,Velvet Roses,5,177,SIM00025805,0
940,258,Lonely Wolves,6,249,SIM00025806,0
941,258,Glass Waves,7,234,SIM00025807,0
942,259,Broken Echoes,1,269,SIM00025901,0
943,260,Midnight Foxes,1,212,SIM00026001,1
944,261,Amber Phantoms,1,152,SIM00026101,0
945,262,Golden Sirens,1,222,SIM00026201,0
946,262,Amber Phantoms,2,185,SIM00026202,1
947,262,Midnight Foxes,3,179,SIM00026203,0
948,262,Broken Echoes,4,152,SIM00026204,0
949,262,Iron Saints,5,165,SIM00026205,0
950,262,Electric Bones,6,182,SIM00026206,1
951,262,Wild Ravens,7,259,SIM00026207,1
952,262,Paper Rebels,8,265,SIM00026208,0
953,262,Velvet Roses,9,153,SIM00026209,0
954,262,Lonely Wolves,10,255,SIM00026210,0
955,262,Glass Waves,11,205,SIM00026211,1
956,263,Restless Horizon,1,249,SIM00026301,1
957,264,Hollow Hearts,1,225,SIM00026401,1
958,265,Silver Shadows,1,199,SIM00026501,0
959,266,Sunken Riot,1,176,SIM00026601,0
960,267,Static Vultures,1,199,SIM00026701,0
961,268,Crimson Vibes,1,247,SIM00026801,0
962,269,Sacred Tides,1,245,SIM00026901,1
963,270,Solar Youth,1,245,SIM00027001,0
964,271,Neon Ghosts,1,263,SIM00027101,1
965,272,Glass Waves,1,240,SIM00027201,0
966,273,Lonely Wolves,1,249,SIM00027301,0
967,274,Velvet Roses,1,267,SIM00027401,0
968,275,Paper Rebels,1,175,SIM00027501,0
969,276,Wild Ravens,1,164,SIM00027601,0
970,277,Electric Bones,1,204,SIM00027701,0
971,278,Iron Saints,1,219,SIM00027801,1
972,278,Electric Bones,2,251,SIM00027802,0
973,278,Wild Ravens,3,259,SIM00027803,0
974,278,Paper Rebels,4,242,SIM00027804,1
975,278,Velvet Roses,5,193,SIM00027805,0
976,279,Broken Echoes,1,262,SIM00027901,0
977,279,Iron Saints,2,226,SIM00027902,0
978,279,Electric Bones,3,221,SIM00027903,0
979,280,Midnight Foxes,1,225,SIM00028001,0
980,281,Amber Phantoms,1,218,SIM00028101,0
981,282,Golden Sirens,1,180,SIM00028201,1
982,282,Amber Phantoms,2,233,SIM00028202,0
983,282,Midnight Foxes,3,253,SIM00028203,0
984,283,Restless Horizon,1,159,SIM00028301,0
985,283,Golden Sirens,2,234,SIM00028302,0
986,283,Amber Phantoms,3,227,SIM00028303,0
987,283,Midnight Foxes,4,263,SIM00028304,0
988,284,Hollow Hearts,1,163,SIM00028401,0
989,284,Restless Horizon,2,220,SIM00028402,0
990,284,Golden Sirens,3,174,SIM00028403,0
991,284,Amber Phantoms,4,218,SIM00028404,0
992,284,Midnight Foxes,5,157,SIM00028405,0
993,285,Silver Shadows,1,158,SIM00028501,0
994,285,Hollow Hearts,2,240,SIM00028502,0
995,285,Restless Horizon,3,233,SIM00028503,0
996,285,Golden Sirens,4,211,SIM00028504,0
997,285,Amber Phantoms,5,196,SIM00028505,0
998,285,Midnight Foxes,6,251,SIM00028506,0
999,285,Broken Echoes,7,210,SIM00028507,0
1000,285,Iron Saints,8,157,SIM00028508,0
1001,285,Electric Bones,9,226,SIM00028509,0
1002,285,Wild Ravens,10,214,SIM00028510,0
1003,286,Sunken Riot,1,210,SIM00028601,0
1004,287,Static Vultures,1,229,SIM00028701,0
1005,287,Sunken Riot,2,153,SIM00028702,0
1006,287,Silver Shadows,3,232,SIM00028703,0
1007,287,Hollow Hearts,4,234,SIM00028704,0
1008,287,Restless Horizon,5,183,SIM00028705,0
1009,288,Crimson Vibes,1,269,SIM00028801,0
1010,288,Static Vultures,2,203,SIM00028802,1
1011,288,Sunken Riot,3,199,SIM00028803,0
1012,289,Sacred Tides,1,254,SIM00028901,0
1013,289,Crimson Vibes,2,240,SIM00028902,0
1014,289,Static Vultures,3,217,SIM00028903,0
1015,289,Sunken Riot,4,263,SIM00028904,0
1016,290,Solar Youth,1,251,SIM00029001,0
1017,290,Sacred Tides,2,213,SIM00029002,0
1018,290,Crimson Vibes,3,204,SIM00029003,0
1019,290,Static Vultures,4,261,SIM00029004,1
1020,290,Sunken Riot,5,214,SIM00029005,0
1021,291,Neon Ghosts,1,250,SIM00029101,0
1022,291,Solar Youth,2,155,SIM00029102,1
1023,291,Sacred Tides,3,189,SIM00029103,0
1024,292,Glass Waves,1,251,SIM00029201,1
1025,292,Neon Ghosts,2,160,SIM00029202,1
1026,292,Solar Youth,3,162,SIM00029203,0
1027,292,Sacred Tides,4,172,SIM00029204,1
1028,292,Crimson Vibes,5,230,SIM00029205,0
1029,292,Static Vultures,6,268,SIM00029206,0
1030,292,Sunken Riot,7,235,SIM00029207,0
1031,292,Silver Shadows,8,235,SIM00029208,0
1032,292,Hollow Hearts,9,154,SIM00029209,0
1033,292,Restless Horizon,10,195,SIM00029210,0
1034,292,Golden Sirens,11,246,SIM00029211,0
1035,293,Lonely Wolves,1,257,SIM00029301,0
1036,293,Glass Waves,2,236,SIM00029302,0
1037,293,Neon Ghosts,3,225,SIM00029303,0
1038,293,Solar Youth,4,206,SIM00029304,0
1039,293,Sacred Tides,5,188,SIM00029305,0
1040,294,Velvet Roses,1,258,SIM00029401,0
1041,294,Lonely Wolves,2,180,SIM00029402,0
1042,294,Glass Waves,3,238,SIM00029403,0
1043,295,Paper Rebels,1,231,SIM00029501,0
1044,295,Velvet Roses,2,189,SIM00029502,0
1045,295,Lonely Wolves,3,169,SIM00029503,1
1046,295,Glass Waves,4,158,SIM00029504,1
1047,295,Neon Ghosts,5,264,SIM00029505,0
1048,295,Solar Youth,6,212,SIM00029506,0
1049,295,Sacred Tides,7,184,SIM00029507,0
1050,295,Crimson Vibes,8,251,SIM00029508,0
1051,296,Wild Ravens,1,204,SIM00029601,0
1052,296,Paper Rebels,2,268,SIM00029602,1
1053,296,Velvet Roses,3,238,SIM00029603,0
1054,296,Lonely Wolves,4,171,SIM00029604,1
1055,296,Glass Waves,5,234,SIM00029605,0
1056,296,Neon Ghosts,6,243,SIM00029606,0
1057,296,Solar Youth,7,203,SIM00029607,0
1058,296,Sacred Tides,8,206,SIM00029608,0
1059,296,Crimson Vibes,9,258,SIM00029609,1
1060,297,Electric Bones,1,267,SIM00029701,0
1061,298,Iron Saints,1,210,SIM00029801,1
1062,298,Electric Bones,2,234,SIM00029802,0
1063,298,Wild Ravens,3,246,SIM00029803,0
1064,298,Paper Rebels,4,154,SIM00029804,0
1065,299,Broken Echoes,1,195,SIM00029901,0
1066,299,Iron Saints,2,255,SIM00029902,0
1067,299,Electric Bones,3,192,SIM00029903,0
1068,299,Wild Ravens,4,244,SIM00029904,0
1069,299,Paper Rebels,5,251,SIM00029905,0
1070,299,Velvet Roses,6,266,SIM00029906,1
1071,299,Lonely Wolves,7,241,SIM00029907,0
1072,299,Glass Waves,8,250,SIM00029908,0
1073,299,Neon Ghosts,9,268,SIM00029909,0
1074,299,Solar Youth,10,176,SIM00029910,0
1075,299,Sacred Tides,11,197,SIM00029911,0
1076,299,Crimson Vibes,12,204,SIM00029912,1
1077,300,Midnight Foxes,1,158,SIM00030001,1
1078,300,Broken Echoes,2,184,SIM00030002,1
1079,300,Iron Saints,3,244,SIM00030003,0
1080,300,Electric Bones,4,193,SIM00030004,0
1081,300,Wild Ravens,5,240,SIM00030005,0
1082,300,Paper Rebels,6,165,SIM00030006,0
1083,300,Velvet Roses,7,232,SIM00030007,0
1084,301,Amber Phantoms,1,260,SIM00030101,0
1085,302,Golden Sirens,1,192,SIM00030201,0
1086,303,Restless Horizon,1,195,SIM00030301,0
1087,304,Hollow Hearts,1,266,SIM00030401,0
1088,304,Restless Horizon,2,268,SIM00030402,0
1089,304,Golden Sirens,3,165,SIM00030403,0
1090,304,Amber Phantoms,4,211,SIM00030404,0
1091,304,Midnight Foxes,5,211,SIM00030405,0
1092,304,Broken Echoes,6,176,SIM00030406,1
1093,304,Iron Saints,7,212,SIM00030407,0
1094,304,Electric Bones,8,269,SIM00030408,0
1095,304,Wild Ravens,9,166,SIM00030409,0
1096,304,Paper Rebels,10,228,SIM00030410,1
1097,304,Velvet Roses,11,177,SIM00030411,1
1098,305,Silver Shadows,1,212,SIM00030501,0
1099,305,Hollow Hearts,2,237,SIM00030502,0
1100,305,Restless Horizon,3,165,SIM00030503,0
1101,305,Golden Sirens,4,253,SIM00030504,0
1102,305,Amber Phantoms,5,177,SIM00030505,0
1103,305,Midnight Foxes,6,227,SIM00030506,0
1104,305,Broken Echoes,7,169,SIM00030507,0
1105,305,Iron Saints,8,186,SIM00030508,0
1106,305,Electric Bones,9,184,SIM00030509,0
1107,305,Wild Ravens,10,243,SIM00030510,0
1108,305,Paper Rebels,11,180,SIM00030511,0
1109,305,Velvet Roses,12,244,SIM00030512,1
1110,306,Sunken Riot,1,230,SIM00030601,0
1111,307,Static Vultures,1,223,SIM00030701,1
1112,307,Sunken Riot,2,225,SIM00030702,0
1113,307,Silver Shadows,3,197,SIM00030703,0
1114,307,Hollow Hearts,4,256,SIM00030704,0
1115,307,Restless Horizon,5,177,SIM00030705,0
1116,307,Golden Sirens,6,198,SIM00030706,1
1117,307,Amber Phantoms,7,215,SIM00030707,0
1118,307,Midnight Foxes,8,237,SIM00030708,0
1119,308,Crimson Vibes,1,264,SIM00030801,0
1120,309,Sacred Tides,1,210,SIM00030901,0
1121,310,Solar Youth,1,266,SIM00031001,0
1122,311,Neon Ghosts,1,265,SIM00031101,0
1123,312,Glass Waves,1,210,SIM00031201,1
1124,313,Lonely Wolves,1,257,SIM00031301,0
1125,314,Velvet Roses,1,205,SIM00031401,0
1126,315,Paper Rebels,1,231,SIM00031501,0
1127,316,Wild Ravens,1,237,SIM00031601,0
1128,317,Electric Bones,1,233,SIM00031701,0
1129,318,Iron Saints,1,236,SIM00031801,0
1130,319,Broken Echoes,1,196,SIM00031901,0
1131,320,Midnight Foxes,1,264,SIM00032001,1
1132,320,Broken Echoes,2,229,SIM00032002,0
1133,320,Iron Saints,3,268,SIM00032003,0
1134,320,Electric Bones,4,244,SIM00032004,1
1135,320,Wild Ravens,5,165,SIM00032005,0
1136,321,Amber Phantoms,1,185,SIM00032101,0
1137,321,Midnight Foxes,2,206,SIM00032102,0
1138,321,Broken Echoes,3,181,SIM00032103,0
1139,322,Golden Sirens,1,236,SIM00032201,1
1140,323,Restless Horizon,1,200,SIM00032301,0
1141,324,Hollow Hearts,1,198,SIM00032401,0
1142,325,Silver Shadows,1,254,SIM00032501,0
1143,326,Sunken Riot,1,269,SIM00032601,0
1144,327,Static Vultures,1,152,SIM00032701,0
1145,327,Sunken Riot,2,196,SIM00032702,0
1146,327,Silver Shadows,3,180,SIM00032703,0
1147,328,Crimson Vibes,1,194,SIM00032801,0
1148,328,Static Vultures,2,231,SIM00032802,0
1149,328,Sunken Riot,3,223,SIM00032803,1
1150,328,Silver Shadows,4,220,SIM00032804,0
1151,329,Sacred Tides,1,221,SIM00032901,0
1152,330,Solar Youth,1,269,SIM00033001,1
1153,330,Sacred Tides,2,220,SIM00033002,0
1154,330,Crimson Vibes,3,173,SIM00033003,0
1155,331,Neon Ghosts,1,203,SIM00033101,0
1156,331,Solar Youth,2,234,SIM00033102,0
1157,331,Sacred Tides,3,194,SIM00033103,0
1158,331,Crimson Vibes,4,239,SIM00033104,0
1159,332,Glass Waves,1,238,SIM00033201,0
1160,332,Neon Ghosts,2,194,SIM00033202,0
1161,332,Solar Youth,3,201,SIM00033203,0
1162,332,Sacred Tides,4,247,SIM00033204,0
1163,332,Crimson Vibes,5,213,SIM00033205,0
1164,333,Lonely Wolves,1,239,SIM00033301,0
1165,333,Glass Waves,2,199,SIM00033302,1
1166,333,Neon Ghosts,3,164,SIM00033303,0
1167,333,Solar Youth,4,214,SIM00033304,0
1168,333,Sacred Tides,5,160,SIM00033305,0
1169,333,Crimson Vibes,6,243,SIM00033306,0
1170,333,Static Vultures,7,155,SIM00033307,0
1171,333,Sunken Riot,8,244,SIM00033308,0
1172,333,Silver Shadows,9,219,SIM00033309,1
1173,333,Hollow Hearts,10,269,SIM00033310,0
1174,334,Velvet Roses,1,229,SIM00033401,0
1175,334,Lonely Wolves,2,234,SIM00033402,0
1176,334,Glass Waves,3,193,SIM00033403,0
1177,334,Neon Ghosts,4,218,SIM00033404,1
1178,335,Paper Rebels,1,222,SIM00033501,0
1179,335,Velvet Roses,2,183,SIM00033502,0
1180,335,Lonely Wolves,3,249,SIM00033503,0
1181,335,Glass Waves,4,184,SIM00033504,0
1182,335,Neon Ghosts,5,268,SIM00033505,0
1183,336,Wild Ravens,1,169,SIM00033601,0
1184,336,Paper Rebels,2,170,SIM00033602,0
1185,336,Velvet Roses,3,247,SIM00033603,0
1186,337,Electric Bones,1,252,SIM00033701,0
1187,337,Wild Ravens,2,266,SIM00033702,1
1188,337,Paper Rebels,3,247,SIM00033703,0
1189,337,Velvet Roses,4,232,SIM00033704,0
1190,337,Lonely Wolves,5,229,SIM00033705,0
1191,337,Glass Waves,6,211,SIM00033706,0
1192,337,Neon Ghosts,7,237,SIM00033707,0
1193,337,Solar Youth,8,183,SIM00033708,0
1194,338,Iron Saints,1,244,SIM00033801,0
1195,338,Electric Bones,2,201,SIM00033802,1
1196,338,Wild Ravens,3,159,SIM00033803,0
1197,338,Paper Rebels,4,232,SIM00033804,0
1198,338,Velvet Roses,5,181,SIM00033805,0
1199,338,Lonely Wolves,6,242,SIM00033806,0
1200,338,Glass Waves,7,187,SIM00033807,0
1201,338,Neon Ghosts,8,263,SIM00033808,0
1202,338,Solar Youth,9,174,SIM00033809,0
1203,339,Broken Echoes,1,199,SIM00033901,0
1204,340,Midnight Foxes,1,264,SIM00034001,0
1205,340,Broken Echoes,2,201,SIM00034002,0
1206,340,Iron Saints,3,221,SIM00034003,0
1207,340,Electric Bones,4,199,SIM00034004,1
1208,341,Amber Phantoms,1,204,SIM00034101,0
1209,341,Midnight Foxes,2,264,SIM00034102,0
1210,341,Broken Echoes,3,269,SIM00034103,0
1211,341,Iron Saints,4,201,SIM00034104,0
1212,341,Electric Bones,5,161,SIM00034105,0
1213,342,Golden Sirens,1,154,SIM00034201,0
1214,342,Amber Phantoms,2,253,SIM00034202,0
1215,342,Midnight Foxes,3,157,SIM00034203,0
1216,342,Broken Echoes,4,193,SIM00034204,0
1217,342,Iron Saints,5,194,SIM00034205,0
1218,342,Electric Bones,6,238,SIM00034206,0
1219,342,Wild Ravens,7,231,SIM00034207,1
1220,343,Restless Horizon,1,183,SIM00034301,0
1221,343,Golden Sirens,2,178,SIM00034302,0
1222,343,Amber Phantoms,3,262,SIM00034303,1
1223,343,Midnight Foxes,4,230,SIM00034304,1
1224,344,Hollow Hearts,1,181,SIM00034401,0
1225,344,Restless Horizon,2,150,SIM00034402,0
1226,344,Golden Sirens,3,226,SIM00034403,0
1227,344,Amber Phantoms,4,155,SIM00034404,0
1228,344,Midnight Foxes,5,175,SIM00034405,0
1229,344,Broken Echoes,6,213,SIM00034406,0
1230,344,Iron Saints,7,164,SIM00034407,0
1231,344,Electric Bones,8,226,SIM00034408,0
1232,344,Wild Ravens,9,259,SIM00034409,0
1233,345,Silver Shadows,1,233,SIM00034501,0
1234,345,Hollow Hearts,2,151,SIM00034502,0
1235,345,Restless Horizon,3,262,SIM00034503,0
1236,345,Golden Sirens,4,231,SIM00034504,0
1237,345,Amber Phantoms,5,215,SIM00034505,0
1238,345,Midnight Foxes,6,177,SIM00034506,0
1239,345,Broken Echoes,7,208,SIM00034507,0
1240,345,Iron Saints,8,180,SIM00034508,0
1241,345,Electric Bones,9,196,SIM00034509,1
1242,345,Wild Ravens,10,152,SIM00034510,0
1243,346,Sunken Riot,1,258,SIM00034601,0
1244,347,Static Vultures,1,268,SIM00034701,0
1245,347,Sunken Riot,2,226,SIM00034702,0
1246,347,Silver Shadows,3,175,SIM00034703,0
1247,347,Hollow Hearts,4,177,SIM00034704,1
1248,347,Restless Horizon,5,206,SIM00034705,0
1249,347,Golden Sirens,6,255,SIM00034706,0
1250,347,Amber Phantoms,7,205,SIM00034707,0
1251,347,Midnight Foxes,8,252,SIM00034708,0
1252,347,Broken Echoes,9,151,SIM00034709,0
1253,347,Iron Saints,10,216,SIM00034710,0
1254,347,Electric Bones,11,210,SIM00034711,1
1255,347,Wild Ravens,12,221,SIM00034712,0
1256,348,Crimson Vibes,1,244,SIM00034801,0
1257,348,Static Vultures,2,221,SIM00034802,0
1258,348,Sunken Riot,3,182,SIM00034803,1
1259,348,Silver Shadows,4,238,SIM00034804,0
1260,348,Hollow Hearts,5,213,SIM00034805,0
1261,348,Restless Horizon,6,212,SIM00034806,0
1262,348,Golden Sirens,7,156,SIM00034807,1
1263,349,Sacred Tides,1,185,SIM00034901,0
1264,350,Solar Youth,1,173,SIM00035001,0
1265,351,Neon Ghosts,1,159,SIM00035101,0
1266,352,Glass Waves,1,235,SIM00035201,0
1267,352,Neon Ghosts,2,241,SIM00035202,0
1268,352,Solar Youth,3,167,SIM00035203,0
1269,352,Sacred Tides,4,260,SIM00035204,0
1270,352,Crimson Vibes,5,177,SIM00035205,0
1271,352,Static Vultures,6,265,SIM00035206,0
1272,352,Sunken Riot,7,190,SIM00035207,1
1273,352,Silver Shadows,8,231,SIM00035208,0
1274,352,Hollow Hearts,9,255,SIM00035209,0
1275,352,Restless Horizon,10,217,SIM00035210,0
1276,352,Golden Sirens,11,253,SIM00035211,0
1277,353,Lonely Wolves,1,183,SIM00035301,1
1278,354,Velvet Roses,1,219,SIM00035401,0
1279,355,Paper Rebels,1,210,SIM00035501,0
1280,356,Wild Ravens,1,189,SIM00035601,0
1281,357,Electric Bones,1,238,SIM00035701,0
1282,358,Iron Saints,1,159,SIM00035801,0
1283,359,Broken Echoes,1,245,SIM00035901,0
1284,360,Midnight Foxes,1,201,SIM00036001,0
1285,361,Amber Phantoms,1,260,SIM00036101,0
1286,362,Golden Sirens,1,238,SIM00036201,0
1287,363,Restless Horizon,1,236,SIM00036301,0
1288,364,Hollow Hearts,1,159,SIM00036401,0
1289,365,Silver Shadows,1,265,SIM00036501,0
1290,366,Sunken Riot,1,226,SIM00036601,0
1291,367,Static Vultures,1,208,SIM00036701,0
1292,368,Crimson Vibes,1,213,SIM00036801,0
1293,368,Static Vultures,2,225,SIM00036802,0
1294,368,Sunken Riot,3,172,SIM00036803,0
1295,368,Silver Shadows,4,267,SIM00036804,0
1296,368,Hollow Hearts,5,254,SIM00036805,0
1297,369,Sacred Tides,1,233,SIM00036901,1
1298,369,Crimson Vibes,2,192,SIM00036902,0
1299,369,Static Vultures,3,215,SIM00036903,0
1300,370,Solar Youth,1,177,SIM00037001,0
1301,371,Neon Ghosts,1,192,SIM00037101,0
1302,372,Glass Waves,1,230,SIM00037201,0
1303,372,Neon Ghosts,2,218,SIM00037202,0
1304,372,Solar Youth,3,241,SIM00037203,0
1305,373,Lonely Wolves,1,188,SIM00037301,0
1306,373,Glass Waves,2,173,SIM00037302,0
1307,373,Neon Ghosts,3,256,SIM00037303,0
1308,373,Solar Youth,4,151,SIM00037304,0
1309,374,Velvet Roses,1,186,SIM00037401,0
1310,374,Lonely Wolves,2,223,SIM00037402,0
1311,374,Glass Waves,3,266,SIM00037403,0
1312,374,Neon Ghosts,4,256,SIM00037404,0
1313,374,Solar Youth,5,161,SIM00037405,0
1314,375,Paper Rebels,1,243,SIM00037501,0
1315,375,Velvet Roses,2,152,SIM00037502,0
1316,375,Lonely Wolves,3,200,SIM00037503,1
1317,375,Glass Waves,4,248,SIM00037504,1
1318,375,Neon Ghosts,5,236,SIM00037505,0
1319,375,Solar Youth,6,197,SIM00037506,0
1320,375,Sacred Tides,7,263,SIM00037507,0
1321,375,Crimson Vibes,8,195,SIM00037508,0
1322,375,Static Vultures,9,228,SIM00037509,0
1323,375,Sunken Riot,10,157,SIM00037510,0
1324,376,Wild Ravens,1,192,SIM00037601,0
1325,377,Electric Bones,1,166,SIM00037701,0
1326,377,Wild Ravens,2,195,SIM00037702,1
1327,377,Paper Rebels,3,261,SIM00037703,0
1328,377,Velvet Roses,4,184,SIM00037704,0
1329,377,Lonely Wolves,5,168,SIM00037705,0
1330,378,Iron Saints,1,188,SIM00037801,0
1331,378,Electric Bones,2,231,SIM00037802,0
1332,378,Wild Ravens,3,268,SIM00037803,0
1333,379,Broken Echoes,1,227,SIM00037901,0
1334,379,Iron Saints,2,189,SIM00037902,0
1335,379,Electric Bones,3,209,SIM00037903,0
1336,379,Wild Ravens,4,195,SIM00037904,0
1337,380,Midnight Foxes,1,247,SIM00038001,0
1338,380,Broken Echoes,2,266,SIM00038002,1
1339,380,Iron Saints,3,166,SIM00038003,0
1340,380,Electric Bones,4,255,SIM00038004,0
1341,380,Wild Ravens,5,213,SIM00038005,0
1342,381,Amber Phantoms,1,160,SIM00038101,0
1343,381,Midnight Foxes,2,260,SIM00038102,0
1344,381,Broken Echoes,3,229,SIM00038103,0
1345,382,Golden Sirens,1,195,SIM00038201,0
1346,382,Amber Phantoms,2,174,SIM00038202,0
1347,382,Midnight Foxes,3,209,SIM00038203,0
1348,382,Broken Echoes,4,210,SIM00038204,0
1349,382,Iron Saints,5,163,SIM00038205,0
1350,382,Electric Bones,6,217,SIM00038206,0
1351,382,Wild Ravens,7,241,SIM00038207,0
1352,382,Paper Rebels,8,200,SIM00038208,0
1353,382,Velvet Roses,9,165,SIM00038209,0
1354,382,Lonely Wolves,10,222,SIM00038210,1
1355,382,Glass Waves,11,184,SIM00038211,0
1356,383,Restless Horizon,1,161,SIM00038301,0
1357,383,Golden Sirens,2,178,SIM00038302,0
1358,383,Amber Phantoms,3,234,SIM00038303,0
1359,383,Midnight Foxes,4,173,SIM00038304,0
1360,383,Broken Echoes,5,194,SIM00038305,0
1361,384,Hollow Hearts,1,187,SIM00038401,0
1362,384,Restless Horizon,2,214,SIM00038402,1
1363,384,Golden Sirens,3,204,SIM00038403,0
1364,385,Silver Shadows,1,242,SIM00038501,0
1365,385,Hollow Hearts,2,216,SIM00038502,0
1366,385,Restless Horizon,3,224,SIM00038503,0
1367,385,Golden Sirens,4,251,SIM00038504,0
1368,385,Amber Phantoms,5,206,SIM00038505,0
1369,385,Midnight Foxes,6,193,SIM00038506,0
1370,385,Broken Echoes,7,220,SIM00038507,0
1371,385,Iron Saints,8,255,SIM00038508,0
1372,386,Sunken Riot,1,207,SIM00038601,1
1373,386,Silver Shadows,2,177,SIM00038602,0
1374,386,Hollow Hearts,3,150,SIM00038603,0
1375,386,Restless Horizon,4,266,SIM00038604,0
1376,386,Golden Sirens,5,209,SIM00038605,1
1377,386,Amber Phantoms,6,228,SIM00038606,0
1378,386,Midnight Foxes,7,152,SIM00038607,0
1379,386,Broken Echoes,8,212,SIM00038608,1
1380,386,Iron Saints,9,235,SIM00038609,0
1381,387,Static Vultures,1,259,SIM00038701,0
1382,388,Crimson Vibes,1,256,SIM00038801,0
1383,388,Static Vultures,2,229,SIM00038802,0
1384,388,Sunken Riot,3,222,SIM00038803,0
1385,388,Silver Shadows,4,216,SIM00038804,0
1386,389,Sacred Tides,1,155,SIM00038901,0
1387,389,Crimson Vibes,2,259,SIM00038902,0
1388,389,Static Vultures,3,255,SIM00038903,0
1389,389,Sunken Riot,4,202,SIM00038904,0
1390,389,Silver Shadows,5,197,SIM00038905,0
1391,389,Hollow Hearts,6,227,SIM00038906,0
1392,389,Restless Horizon,7,238,SIM00038907,0
1393,389,Golden Sirens,8,178,SIM00038908,0
1394,389,Amber Phantoms,9,259,SIM00038909,0
1395,389,Midnight Foxes,10,174,SIM00038910,0
1396,389,Broken Echoes,11,233,SIM00038911,0
1397,389,Iron Saints,12,200,SIM00038912,0
1398,390,Solar Youth,1,241,SIM00039001,0
1399,390,Sacred Tides,2,226,SIM00039002,0
1400,390,Crimson Vibes,3,189,SIM00039003,0
1401,390,Static Vultures,4,205,SIM00039004,0
1402,390,Sunken Riot,5,244,SIM00039005,0
1403,390,Silver Shadows,6,253,SIM00039006,0
1404,390,Hollow Hearts,7,188,SIM00039007,0
1405,391,Neon Ghosts,1,195,SIM00039101,0
1406,392,Glass Waves,1,177,SIM00039201,0
1407,393,Lonely Wolves,1,258,SIM00039301,0
1408,394,Velvet Roses,1,161,SIM00039401,0
1409,394,Lonely Wolves,2,240,SIM00039402,0
1410,394,Glass Waves,3,200,SIM00039403,0
1411,394,Neon Ghosts,4,184,SIM00039404,0
1412,394,Solar Youth,5,234,SIM00039405,0
1413,394,Sacred Tides,6,243,SIM00039406,0
1414,394,Crimson Vibes,7,196,SIM00039407,0
1415,394,Static Vultures,8,203,SIM00039408,0
1416,394,Sunken Riot,9,269,SIM00039409,0
1417,394,Silver Shadows,10,262,SIM00039410,1
1418,394,Hollow Hearts,11,247,SIM00039411,0
1419,395,Paper Rebels,1,158,SIM00039501,0
1420,395,Velvet Roses,2,154,SIM00039502,0
1421,395,Lonely Wolves,3,159,SIM00039503,1
1422,395,Glass Waves,4,177,SIM00039504,0
1423,395,Neon Ghosts,5,218,SIM00039505,0
1424,395,Solar Youth,6,250,SIM00039506,0
1425,395,Sacred Tides,7,249,SIM00039507,0
1426,395,Crimson Vibes,8,164,SIM00039508,0
1427,395,Static Vultures,9,246,SIM00039509,1
1428,395,Sunken Riot,10,169,SIM00039510,0
1429,395,Silver Shadows,11,255,SIM00039511,0
1430,395,Hollow Hearts,12,182,SIM00039512,0
1431,396,Wild Ravens,1,182,SIM00039601,1
1432,397,Electric Bones,1,239,SIM00039701,0
1433,397,Wild Ravens,2,231,SIM00039702,0
1434,397,Paper Rebels,3,175,SIM00039703,0
1435,397,Velvet Roses,4,266,SIM00039704,0
1436,397,Lonely Wolves,5,217,SIM00039705,1
1437,397,Glass Waves,6,261,SIM00039706,0
1438,397,Neon Ghosts,7,227,SIM00039707,0
1439,397,Solar Youth,8,254,SIM00039708,0
1440,398,Iron Saints,1,246,SIM00039801,1
1441,399,Broken Echoes,1,190,SIM00039901,0
1442,400,Midnight Foxes,1,182,SIM00040001,0
1443,401,Amber Phantoms,1,164,SIM00040101,0
1444,402,Golden Sirens,1,246,SIM00040201,0
1445,403,Restless Horizon,1,183,SIM00040301,0
1446,404,Hollow Hearts,1,269,SIM00040401,0
1447,405,Silver Shadows,1,194,SIM00040501,0
1448,406,Sunken Riot,1,171,SIM00040601,0
1449,407,Static Vultures,1,158,SIM00040701,0
1450,408,Crimson Vibes,1,233,SIM00040801,0
1451,409,Sacred Tides,1,229,SIM00040901,0
1452,410,Solar Youth,1,193,SIM00041001,0
1453,410,Sacred Tides,2,250,SIM00041002,0
1454,410,Crimson Vibes,3,228,SIM00041003,0
1455,410,Static Vultures,4,266,SIM00041004,1
1456,410,Sunken Riot,5,217,SIM00041005,0
1457,411,Neon Ghosts,1,259,SIM00041101,1
1458,411,Solar Youth,2,186,SIM00041102,0
1459,411,Sacred Tides,3,208,SIM00041103,1
1460,412,Glass Waves,1,214,SIM00041201,0
1461,413,Lonely Wolves,1,257,SIM00041301,0
1462,414,Velvet Roses,1,167,SIM00041401,0
1463,415,Paper Rebels,1,238,SIM00041501,0
1464,416,Wild Ravens,1,235,SIM00041601,0
1465,417,Electric Bones,1,247,SIM00041701,0
1466,417,Wild Ravens,2,162,SIM00041702,1
1467,417,Paper Rebels,3,232,SIM00041703,0
1468,418,Iron Saints,1,161,SIM00041801,0
1469,418,Electric Bones,2,217,SIM00041802,0
1470,418,Wild Ravens,3,252,SIM00041803,0
1471,418,Paper Rebels,4,166,SIM00041804,0
1472,419,Broken Echoes,1,255,SIM00041901,0
1473,420,Midnight Foxes,1,207,SIM00042001,1
1474,420,Broken Echoes,2,174,SIM00042002,0
1475,420,Iron Saints,3,220,SIM00042003,1
1476,421,Amber Phantoms,1,186,SIM00042101,0
1477,421,Midnight Foxes,2,215,SIM00042102,0
1478,421,Broken Echoes,3,218,SIM00042103,1
1479,421,Iron Saints,4,266,SIM00042104,0
1480,422,Golden Sirens,1,189,SIM00042201,0
1481,422,Amber Phantoms,2,203,SIM00042202,0
1482,422,Midnight Foxes,3,215,SIM00042203,0
1483,422,Broken Echoes,4,193,SIM00042204,1
1484,422,Iron Saints,5,265,SIM00042205,0
1485,423,Restless Horizon,1,267,SIM00042301,0
1486,423,Golden Sirens,2,153,SIM00042302,0
1487,423,Amber Phantoms,3,231,SIM00042303,0
1488,423,Midnight Foxes,4,229,SIM00042304,0
1489,423,Broken Echoes,5,197,SIM00042305,0
1490,423,Iron Saints,6,224,SIM00042306,0
1491,423,Electric Bones,7,173,SIM00042307,1
1492,423,Wild Ravens,8,166,SIM00042308,0
1493,423,Paper Rebels,9,253,SIM00042309,0
1494,423,Velvet Roses,10,170,SIM00042310,0
1495,424,Hollow Hearts,1,209,SIM00042401,0
1496,424,Restless Horizon,2,253,SIM00042402,0
1497,424,Golden Sirens,3,267,SIM00042403,0
1498,424,Amber Phantoms,4,244,SIM00042404,0
1499,425,Silver Shadows,1,176,SIM00042501,0
1500,425,Hollow Hearts,2,156,SIM00042502,0
1501,425,Restless Horizon,3,157,SIM00042503,0
1502,425,Golden Sirens,4,228,SIM00042504,0
1503,425,Amber Phantoms,5,259,SIM00042505,0
1504,426,Sunken Riot,1,204,SIM00042601,0
1505,426,Silver Shadows,2,199,SIM00042602,0
1506,426,Hollow Hearts,3,244,SIM00042603,0
1507,427,Static Vultures,1,172,SIM00042701,1
1508,427,Sunken Riot,2,208,SIM00042702,0
1509,427,Silver Shadows,3,215,SIM00042703,0
1510,427,Hollow Hearts,4,265,SIM00042704,0
1511,427,Restless Horizon,5,187,SIM00042705,0
1512,427,Golden Sirens,6,195,SIM00042706,0
1513,427,Amber Phantoms,7,197,SIM00042707,1
1514,427,Midnight Foxes,8,164,SIM00042708,0
1515,428,Crimson Vibes,1,231,SIM00042801,0
1516,428,Static Vultures,2,244,SIM00042802,0
1517,428,Sunken Riot,3,256,SIM00042803,1
1518,428,Silver Shadows,4,235,SIM00042804,0
1519,428,Hollow Hearts,5,220,SIM00042805,0
1520,428,Restless Horizon,6,243,SIM00042806,0
1521,428,Golden Sirens,7,213,SIM00042807,1
1522,428,Amber Phantoms,8,151,SIM00042808,0
1523,428,Midnight Foxes,9,213,SIM00042809,0
1524,429,Sacred Tides,1,264,SIM00042901,0
1525,430,Solar Youth,1,187,SIM00043001,0
1526,430,Sacred Tides,2,195,SIM00043002,0
1527,430,Crimson Vibes,3,196,SIM00043003,1
1528,430,Static Vultures,4,265,SIM00043004,0
1529,431,Neon Ghosts,1,246,SIM00043101,0
1530,431,Solar Youth,2,228,SIM00043102,0
1531,431,Sacred Tides,3,162,SIM00043103,1
1532,431,Crimson Vibes,4,158,SIM00043104,1
1533,431,Static Vultures,5,197,SIM00043105,0
1534,432,Glass Waves,1,256,SIM00043201,0
1535,432,Neon Ghosts,2,182,SIM00043202,0
1536,432,Solar Youth,3,178,SIM00043203,0
1537,432,Sacred Tides,4,151,SIM00043204,1
1538,432,Crimson Vibes,5,160,SIM00043205,0
1539,432,Static Vultures,6,215,SIM00043206,0
1540,432,Sunken Riot,7,228,SIM00043207,0
1541,433,Lonely Wolves,1,211,SIM00043301,0
1542,433,Glass Waves,2,247,SIM00043302,1
1543,433,Neon Ghosts,3,246,SIM00043303,0
1544,433,Solar Youth,4,154,SIM00043304,0
1545,434,Velvet Roses,1,200,SIM00043401,0
1546,434,Lonely Wolves,2,239,SIM00043402,0
1547,434,Glass Waves,3,198,SIM00043403,0
1548,434,Neon Ghosts,4,256,SIM00043404,0
1549,434,Solar Youth,5,171,SIM00043405,0
1550,434,Sacred Tides,6,211,SIM00043406,0
1551,434,Crimson Vibes,7,164,SIM00043407,0
1552,434,Static Vultures,8,232,SIM00043408,0
1553,434,Sunken Riot,9,266,SIM00043409,0
1554,435,Paper Rebels,1,185,SIM00043501,0
1555,435,Velvet Roses,2,251,SIM00043502,0
1556,435,Lonely Wolves,3,200,SIM00043503,1
1557,435,Glass Waves,4,197,SIM00043504,0
1558,435,Neon Ghosts,5,243,SIM00043505,1
1559,435,Solar Youth,6,183,SIM00043506,1
1560,435,Sacred Tides,7,182,SIM00043507,0
1561,435,Crimson Vibes,8,221,SIM00043508,1
1562,435,Static Vultures,9,251,SIM00043509,0
1563,435,Sunken Riot,10,246,SIM00043510,0
1564,436,Wild Ravens,1,220,SIM00043601,0
1565,437,Electric Bones,1,255,SIM00043701,0
1566,437,Wild Ravens,2,209,SIM00043702,0
1567,437,Paper Rebels,3,201,SIM00043703,0
1568,437,Velvet Roses,4,242,SIM00043704,0
1569,437,Lonely Wolves,5,234,SIM00043705,0
1570,437,Glass Waves,6,200,SIM00043706,0
1571,437,Neon Ghosts,7,226,SIM00043707,0
1572,437,Solar Youth,8,187,SIM00043708,0
1573,437,Sacred Tides,9,167,SIM00043709,0
1574,437,Crimson Vibes,10,262,SIM00043710,1
1575,437,Static Vultures,11,220,SIM00043711,0
1576,437,Sunken Riot,12,226,SIM00043712,1
1577,438,Iron Saints,1,246,SIM00043801,0
1578,438,Electric Bones,2,224,SIM00043802,0
1579,438,Wild Ravens,3,215,SIM00043803,0
1580,438,Paper Rebels,4,235,SIM00043804,0
1581,438,Velvet Roses,5,230,SIM00043805,0
1582,438,Lonely Wolves,6,191,SIM00043806,0
1583,438,Glass Waves,7,214,SIM00043807,0
1584,439,Broken Echoes,1,161,SIM00043901,0
1585,440,Midnight Foxes,1,153,SIM00044001,0
1586,441,Amber Phantoms,1,234,SIM00044101,0
1587,442,Golden Sirens,1,160,SIM00044201,1
1588,442,Amber Phantoms,2,188,SIM00044202,0
1589,442,Midnight Foxes,3,179,SIM00044203,0
1590,442,Broken Echoes,4,243,SIM00044204,0
1591,442,Iron Saints,5,217,SIM00044205,0
1592,442,Electric Bones,6,227,SIM00044206,0
1593,442,Wild Ravens,7,179,SIM00044207,0
1594,442,Paper Rebels,8,257,SIM00044208,0
1595,442,Velvet Roses,9,249,SIM00044209,0
1596,442,Lonely Wolves,10,236,SIM00044210,0
1597,442,Glass Waves,11,172,SIM00044211,1
1598,443,Restless Horizon,1,161,SIM00044301,1
1599,444,Hollow Hearts,1,161,SIM00044401,0
1600,445,Silver Shadows,1,259,SIM00044501,0
1601,446,Sunken Riot,1,212,SIM00044601,1
1602,447,Static Vultures,1,227,SIM00044701,1
1603,448,Crimson Vibes,1,230,SIM00044801,0
1604,449,Sacred Tides,1,265,SIM00044901,0
1605,450,Solar Youth,1,175,SIM00045001,0
